prikey,Key,User,Upload Time,Survey Name,Version,Complete,Survey Notes,Location Trigger,Instance Name,_start,_end,_device,site,plot,quadrat,host,phenologyhost1,phenologyhost2,phenologyhost3,light,gbh1,gbh2,gbh3,gbh4,gbh5,infest,biomass,phenologypar1,phenologypar2,phenologypar3,clump,poll,disp,foli
9,,preethi1433@gmail.com,2018-01-29 11:30:19.213+00,9026,3,t,"[basic]this is plot 1 in aranya
entry
straight
right",,,2018-01-23 01:48:29.545+00,2018-01-29 11:05:02.36+00,864238033920043,aranya,plot1,,Dodonea angustifolia,1,1,0,20.6000000000000014,8,6,9,6,8,1,2,1,1,1,1,,,
9,,preethi1433@gmail.com,2018-01-29 11:30:19.213+00,9026,3,t,"[basic]this is plot 1 in aranya
entry
straight
right",,,2018-01-23 01:48:29.545+00,2018-01-29 11:05:02.36+00,864238033920043,aranya,plot1,,Acacia auriculiformis,1,0,1,23.8999999999999986,49,,,,,1,2,1,1,0,2,,,
9,,preethi1433@gmail.com,2018-01-29 11:30:19.213+00,9026,3,t,"[basic]this is plot 1 in aranya
entry
straight
right",,,2018-01-23 01:48:29.545+00,2018-01-29 11:05:02.36+00,864238033920043,aranya,plot1,,Acacia auriculiformis,1,0,1,23.8999999999999986,49,,,,,1,1,1,1,0,2,,,
9,,preethi1433@gmail.com,2018-01-29 11:30:19.213+00,9026,3,t,"[basic]this is plot 1 in aranya
entry
straight
right",,,2018-01-23 01:48:29.545+00,2018-01-29 11:05:02.36+00,864238033920043,aranya,plot1,,Acacia auriculiformis,1,0,1,23.8999999999999986,49,,,,,1,1,1,1,1,2,,,
9,,preethi1433@gmail.com,2018-01-29 11:30:19.213+00,9026,3,t,"[basic]this is plot 1 in aranya
entry
straight
right",,,2018-01-23 01:48:29.545+00,2018-01-29 11:05:02.36+00,864238033920043,aranya,plot1,,Acacia auriculiformis,1,0,1,23.8999999999999986,49,,,,,1,1,0,0,0,2,,,
9,,preethi1433@gmail.com,2018-01-29 11:30:19.213+00,9026,3,t,"[basic]this is plot 1 in aranya
entry
straight
right",,,2018-01-23 01:48:29.545+00,2018-01-29 11:05:02.36+00,864238033920043,aranya,plot1,,Acacia auriculiformis,1,0,1,23.8999999999999986,49,,,,,1,1,0,0,0,2,,,
9,,preethi1433@gmail.com,2018-01-29 11:30:19.213+00,9026,3,t,"[basic]this is plot 1 in aranya
entry
straight
right",,,2018-01-23 01:48:29.545+00,2018-01-29 11:05:02.36+00,864238033920043,aranya,plot1,,Acacia auriculiformis,1,0,1,23.8999999999999986,49,,,,,1,2,0,0,0,2,,,
9,,preethi1433@gmail.com,2018-01-29 11:30:19.213+00,9026,3,t,"[basic]this is plot 1 in aranya
entry
straight
right",,,2018-01-23 01:48:29.545+00,2018-01-29 11:05:02.36+00,864238033920043,aranya,plot1,,Acacia auriculiformis,1,0,1,23.8999999999999986,49,,,,,1,3,0,0,0,2,,,
9,,preethi1433@gmail.com,2018-01-29 11:30:19.213+00,9026,3,t,"[basic]this is plot 1 in aranya
entry
straight
right",,,2018-01-23 01:48:29.545+00,2018-01-29 11:05:02.36+00,864238033920043,aranya,plot1,,Acacia auriculiformis,1,0,1,23.8999999999999986,49,,,,,1,3,0,0,0,2,,,
9,,preethi1433@gmail.com,2018-01-29 11:30:19.213+00,9026,3,t,"[basic]this is plot 1 in aranya
entry
straight
right",,,2018-01-23 01:48:29.545+00,2018-01-29 11:05:02.36+00,864238033920043,aranya,plot1,,Acacia auriculiformis,1,0,1,23.8999999999999986,49,,,,,1,2,0,0,0,2,,,
9,,preethi1433@gmail.com,2018-01-29 11:30:19.213+00,9026,3,t,"[basic]this is plot 1 in aranya
entry
straight
right",,,2018-01-23 01:48:29.545+00,2018-01-29 11:05:02.36+00,864238033920043,aranya,plot1,,Acacia auriculiformis,1,0,1,23.8999999999999986,49,,,,,1,3,0,0,0,1,,,
9,,preethi1433@gmail.com,2018-01-29 11:30:19.213+00,9026,3,t,"[basic]this is plot 1 in aranya
entry
straight
right",,,2018-01-23 01:48:29.545+00,2018-01-29 11:05:02.36+00,864238033920043,aranya,plot1,,Acacia auriculiformis,1,0,1,23.8999999999999986,49,,,,,1,3,0,0,0,2,,,
9,,preethi1433@gmail.com,2018-01-29 11:30:19.213+00,9026,3,t,"[basic]this is plot 1 in aranya
entry
straight
right",,,2018-01-23 01:48:29.545+00,2018-01-29 11:05:02.36+00,864238033920043,aranya,plot1,,Acacia auriculiformis,1,0,1,23.8999999999999986,49,,,,,1,3,0,0,0,2,,,
9,,preethi1433@gmail.com,2018-01-29 11:30:19.213+00,9026,3,t,"[basic]this is plot 1 in aranya
entry
straight
right",,,2018-01-23 01:48:29.545+00,2018-01-29 11:05:02.36+00,864238033920043,aranya,plot1,,Acacia auriculiformis,1,0,1,23.8999999999999986,49,,,,,1,2,1,0,0,2,,,
9,,preethi1433@gmail.com,2018-01-29 11:30:19.213+00,9026,3,t,"[basic]this is plot 1 in aranya
entry
straight
right",,,2018-01-23 01:48:29.545+00,2018-01-29 11:05:02.36+00,864238033920043,aranya,plot1,,Acacia auriculiformis,1,0,1,23.8999999999999986,49,,,,,1,2,1,1,0,1,,,
9,,preethi1433@gmail.com,2018-01-29 11:30:19.213+00,9026,3,t,"[basic]this is plot 1 in aranya
entry
straight
right",,,2018-01-23 01:48:29.545+00,2018-01-29 11:05:02.36+00,864238033920043,aranya,plot1,,Acacia auriculiformis,1,0,1,23.8999999999999986,49,,,,,1,1,1,0,0,2,,,
9,,preethi1433@gmail.com,2018-01-29 11:30:19.213+00,9026,3,t,"[basic]this is plot 1 in aranya
entry
straight
right",,,2018-01-23 01:48:29.545+00,2018-01-29 11:05:02.36+00,864238033920043,aranya,plot1,,Acacia auriculiformis,1,0,1,23.8999999999999986,49,,,,,1,1,1,0,0,2,,,
9,,preethi1433@gmail.com,2018-01-29 11:30:19.213+00,9026,3,t,"[basic]this is plot 1 in aranya
entry
straight
right",,,2018-01-23 01:48:29.545+00,2018-01-29 11:05:02.36+00,864238033920043,aranya,plot1,,Hardwickia binata,1,0,0,6,36,,,,,1,4,1,0,0,1,,,
9,,preethi1433@gmail.com,2018-01-29 11:30:19.213+00,9026,3,t,"[basic]this is plot 1 in aranya
entry
straight
right",,,2018-01-23 01:48:29.545+00,2018-01-29 11:05:02.36+00,864238033920043,aranya,plot1,,Hardwickia binata,1,0,0,6,36,,,,,1,4,1,0,0,2,,,
9,,preethi1433@gmail.com,2018-01-29 11:30:19.213+00,9026,3,t,"[basic]this is plot 1 in aranya
entry
straight
right",,,2018-01-23 01:48:29.545+00,2018-01-29 11:05:02.36+00,864238033920043,aranya,plot1,,Hardwickia binata,1,0,0,6,36,,,,,1,4,1,0,0,1,,,
9,,preethi1433@gmail.com,2018-01-29 11:30:19.213+00,9026,3,t,"[basic]this is plot 1 in aranya
entry
straight
right",,,2018-01-23 01:48:29.545+00,2018-01-29 11:05:02.36+00,864238033920043,aranya,plot1,,Acacia auriculiformis,1,0,0,19.3999999999999986,20,,,,,1,3,1,0,0,1,,,
9,,preethi1433@gmail.com,2018-01-29 11:30:19.213+00,9026,3,t,"[basic]this is plot 1 in aranya
entry
straight
right",,,2018-01-23 01:48:29.545+00,2018-01-29 11:05:02.36+00,864238033920043,aranya,plot1,,Morinda coreia,1,0,0,23,18,20,,,,1,4,1,0,0,1,,,
9,,preethi1433@gmail.com,2018-01-29 11:30:19.213+00,9026,3,t,"[basic]this is plot 1 in aranya
entry
straight
right",,,2018-01-23 01:48:29.545+00,2018-01-29 11:05:02.36+00,864238033920043,aranya,plot1,,Morinda coreia,1,0,0,23,18,20,,,,1,1,1,0,0,2,,,
10,,preethi1433@gmail.com,2018-01-29 11:30:19.64+00,9026,3,t,"[basic]this is plot 2 at aranya
after plot 1
walk ahead
on right after turning you'll see 3 casuarina",,,2018-01-23 09:10:29.003+00,2018-01-29 11:05:12.328+00,864238033920043,aranya,plot2,,Casuarina equisetifolia,1,1,1,17.3999999999999986,32,24,,,,1,3,1,0,0,2,,,
10,,preethi1433@gmail.com,2018-01-29 11:30:19.64+00,9026,3,t,"[basic]this is plot 2 at aranya
after plot 1
walk ahead
on right after turning you'll see 3 casuarina",,,2018-01-23 09:10:29.003+00,2018-01-29 11:05:12.328+00,864238033920043,aranya,plot2,,Casuarina equisetifolia,1,1,1,17.3999999999999986,32,24,,,,1,2,1,0,0,1,,,
10,,preethi1433@gmail.com,2018-01-29 11:30:19.64+00,9026,3,t,"[basic]this is plot 2 at aranya
after plot 1
walk ahead
on right after turning you'll see 3 casuarina",,,2018-01-23 09:10:29.003+00,2018-01-29 11:05:12.328+00,864238033920043,aranya,plot2,,Casuarina equisetifolia,1,1,1,17.3999999999999986,32,24,,,,1,3,1,0,0,2,,,
10,,preethi1433@gmail.com,2018-01-29 11:30:19.64+00,9026,3,t,"[basic]this is plot 2 at aranya
after plot 1
walk ahead
on right after turning you'll see 3 casuarina",,,2018-01-23 09:10:29.003+00,2018-01-29 11:05:12.328+00,864238033920043,aranya,plot2,,Casuarina equisetifolia,1,0,0,15,81,,,,,1,2,1,0,0,1,,,
10,,preethi1433@gmail.com,2018-01-29 11:30:19.64+00,9026,3,t,"[basic]this is plot 2 at aranya
after plot 1
walk ahead
on right after turning you'll see 3 casuarina",,,2018-01-23 09:10:29.003+00,2018-01-29 11:05:12.328+00,864238033920043,aranya,plot2,,Casuarina equisetifolia,1,0,0,25,46,,,,,1,4,1,1,0,1,,,
10,,preethi1433@gmail.com,2018-01-29 11:30:19.64+00,9026,3,t,"[basic]this is plot 2 at aranya
after plot 1
walk ahead
on right after turning you'll see 3 casuarina",,,2018-01-23 09:10:29.003+00,2018-01-29 11:05:12.328+00,864238033920043,aranya,plot2,,Casuarina equisetifolia,1,0,0,25,46,,,,,1,2,1,1,0,2,,,
10,,preethi1433@gmail.com,2018-01-29 11:30:19.64+00,9026,3,t,"[basic]this is plot 2 at aranya
after plot 1
walk ahead
on right after turning you'll see 3 casuarina",,,2018-01-23 09:10:29.003+00,2018-01-29 11:05:12.328+00,864238033920043,aranya,plot2,,Casuarina equisetifolia,1,0,0,25,46,,,,,1,4,1,1,0,1,,,
10,,preethi1433@gmail.com,2018-01-29 11:30:19.64+00,9026,3,t,"[basic]this is plot 2 at aranya
after plot 1
walk ahead
on right after turning you'll see 3 casuarina",,,2018-01-23 09:10:29.003+00,2018-01-29 11:05:12.328+00,864238033920043,aranya,plot2,,Casuarina equisetifolia,1,0,0,25,46,,,,,1,1,1,0,0,1,,,
10,,preethi1433@gmail.com,2018-01-29 11:30:19.64+00,9026,3,t,"[basic]this is plot 2 at aranya
after plot 1
walk ahead
on right after turning you'll see 3 casuarina",,,2018-01-23 09:10:29.003+00,2018-01-29 11:05:12.328+00,864238033920043,aranya,plot2,,Dodonea angustifolia,1,0,0,6,7,,,,,1,2,1,1,0,1,,,Jezebel
10,,preethi1433@gmail.com,2018-01-29 11:30:19.64+00,9026,3,t,"[basic]this is plot 2 at aranya
after plot 1
walk ahead
on right after turning you'll see 3 casuarina",,,2018-01-23 09:10:29.003+00,2018-01-29 11:05:12.328+00,864238033920043,aranya,plot2,,Acacia mangium,1,1,1,9.30000000000000071,17,,,,,1,2,1,0,0,2,,,
11,,preethi1433@gmail.com,2018-01-29 11:30:20.064+00,9026,3,t,"[basic]plot 3 behind temple",,,2018-01-24 01:40:34.118+00,2018-01-29 11:18:26.079+00,864238033920043,aranya,plot1,,Bridelia retusa,1,0,1,13.6999999999999993,30,7,,,,1,2,1,1,0,1,,,
11,,preethi1433@gmail.com,2018-01-29 11:30:20.064+00,9026,3,t,"[basic]plot 3 behind temple",,,2018-01-24 01:40:34.118+00,2018-01-29 11:18:26.079+00,864238033920043,aranya,plot1,,Bridelia retusa,1,0,1,13.6999999999999993,30,7,,,,1,1,1,0,0,2,,,
11,,preethi1433@gmail.com,2018-01-29 11:30:20.064+00,9026,3,t,"[basic]plot 3 behind temple",,,2018-01-24 01:40:34.118+00,2018-01-29 11:18:26.079+00,864238033920043,aranya,plot1,,Casuarina equisetifolia,1,0,0,3,39,,,,,1,4,1,1,0,1,,,
11,,preethi1433@gmail.com,2018-01-29 11:30:20.064+00,9026,3,t,"[basic]plot 3 behind temple",,,2018-01-24 01:40:34.118+00,2018-01-29 11:18:26.079+00,864238033920043,aranya,plot1,,Casuarina equisetifolia,1,0,0,3,39,,,,,1,4,1,1,0,1,,,
11,,preethi1433@gmail.com,2018-01-29 11:30:20.064+00,9026,3,t,"[basic]plot 3 behind temple",,,2018-01-24 01:40:34.118+00,2018-01-29 11:18:26.079+00,864238033920043,aranya,plot1,,Casuarina equisetifolia,1,0,0,3,39,,,,,1,1,1,0,0,1,,,
11,,preethi1433@gmail.com,2018-01-29 11:30:20.064+00,9026,3,t,"[basic]plot 3 behind temple",,,2018-01-24 01:40:34.118+00,2018-01-29 11:18:26.079+00,864238033920043,aranya,plot1,,Casuarina equisetifolia,1,0,0,3,39,,,,,1,1,1,0,0,1,,,
11,,preethi1433@gmail.com,2018-01-29 11:30:20.064+00,9026,3,t,"[basic]plot 3 behind temple",,,2018-01-24 01:40:34.118+00,2018-01-29 11:18:26.079+00,864238033920043,aranya,plot1,,Casuarina equisetifolia,1,0,1,1.39999999999999991,40,,,,,1,1,1,0,0,1,,,
12,,preethi1433@gmail.com,2018-01-29 11:30:24.47+00,9026,3,t,"[basic]plot 8 just behind house",,,2018-01-25 09:51:08.646+00,2018-01-29 11:18:48.602+00,864238033920043,aranya,plot1,,Tectona grandis,1,0,0,10.3000000000000007,15,15,,,,1,2,1,0,0,1,,,
12,,preethi1433@gmail.com,2018-01-29 11:30:24.47+00,9026,3,t,"[basic]plot 8 just behind house",,,2018-01-25 09:51:08.646+00,2018-01-29 11:18:48.602+00,864238033920043,aranya,plot1,,Tectona grandis,1,0,0,10.3000000000000007,15,15,,,,1,1,1,0,0,2,,,
12,,preethi1433@gmail.com,2018-01-29 11:30:24.47+00,9026,3,t,"[basic]plot 8 just behind house",,,2018-01-25 09:51:08.646+00,2018-01-29 11:18:48.602+00,864238033920043,aranya,plot1,,Acacia auriculiformis,1,0,1,3,34,,,,,1,4,1,1,0,2,,,
12,,preethi1433@gmail.com,2018-01-29 11:30:24.47+00,9026,3,t,"[basic]plot 8 just behind house",,,2018-01-25 09:51:08.646+00,2018-01-29 11:18:48.602+00,864238033920043,aranya,plot1,,Acacia auriculiformis,1,0,1,3,34,,,,,1,3,1,1,0,2,,,
12,,preethi1433@gmail.com,2018-01-29 11:30:24.47+00,9026,3,t,"[basic]plot 8 just behind house",,,2018-01-25 09:51:08.646+00,2018-01-29 11:18:48.602+00,864238033920043,aranya,plot1,,Acacia auriculiformis,1,0,1,3,34,,,,,1,4,1,1,0,2,,,
12,,preethi1433@gmail.com,2018-01-29 11:30:24.47+00,9026,3,t,"[basic]plot 8 just behind house",,,2018-01-25 09:51:08.646+00,2018-01-29 11:18:48.602+00,864238033920043,aranya,plot1,,Albizia lebbeck,1,0,0,9.69999999999999929,25,,,,,1,3,1,1,1,2,,,
12,,preethi1433@gmail.com,2018-01-29 11:30:24.47+00,9026,3,t,"[basic]plot 8 just behind house",,,2018-01-25 09:51:08.646+00,2018-01-29 11:18:48.602+00,864238033920043,aranya,plot1,,Acacia holosericea,1,1,1,13.3000000000000007,4,5,4.5,,,1,3,1,0,1,1,,,
12,,preethi1433@gmail.com,2018-01-29 11:30:24.47+00,9026,3,t,"[basic]plot 8 just behind house",,,2018-01-25 09:51:08.646+00,2018-01-29 11:18:48.602+00,864238033920043,aranya,plot1,,Acacia holosericea,1,1,0,28,7,3,,,,1,2,1,1,1,2,,,
12,,preethi1433@gmail.com,2018-01-29 11:30:24.47+00,9026,3,t,"[basic]plot 8 just behind house",,,2018-01-25 09:51:08.646+00,2018-01-29 11:18:48.602+00,864238033920043,aranya,plot1,,Acacia holosericea,1,1,0,28,7,3,,,,1,2,1,0,1,2,,,
12,,preethi1433@gmail.com,2018-01-29 11:30:24.47+00,9026,3,t,"[basic]plot 8 just behind house",,,2018-01-25 09:51:08.646+00,2018-01-29 11:18:48.602+00,864238033920043,aranya,plot1,,Acacia holosericea,1,1,0,28,7,3,,,,1,3,1,0,1,2,,,
13,,preethi1433@gmail.com,2018-01-29 11:30:25.564+00,9026,3,t,"[basic]plot 9
adjacent to plot 8
along the road",,,2018-01-26 01:49:53.708+00,2018-01-29 11:18:53.893+00,864238033920043,aranya,plot1,,Bridelia retusa,1,0,1,11.9000000000000004,13,19,,,,1,3,0,0,0,1,,,
13,,preethi1433@gmail.com,2018-01-29 11:30:25.564+00,9026,3,t,"[basic]plot 9
adjacent to plot 8
along the road",,,2018-01-26 01:49:53.708+00,2018-01-29 11:18:53.893+00,864238033920043,aranya,plot1,,Bridelia retusa,1,0,1,11.9000000000000004,13,19,,,,1,3,0,0,0,1,,,
13,,preethi1433@gmail.com,2018-01-29 11:30:25.564+00,9026,3,t,"[basic]plot 9
adjacent to plot 8
along the road",,,2018-01-26 01:49:53.708+00,2018-01-29 11:18:53.893+00,864238033920043,aranya,plot1,,Bridelia retusa,1,0,1,11.9000000000000004,13,19,,,,1,4,0,0,0,1,,,
13,,preethi1433@gmail.com,2018-01-29 11:30:25.564+00,9026,3,t,"[basic]plot 9
adjacent to plot 8
along the road",,,2018-01-26 01:49:53.708+00,2018-01-29 11:18:53.893+00,864238033920043,aranya,plot1,,Bridelia retusa,1,0,1,11.9000000000000004,13,19,,,,1,3,1,0,0,1,,,
13,,preethi1433@gmail.com,2018-01-29 11:30:25.564+00,9026,3,t,"[basic]plot 9
adjacent to plot 8
along the road",,,2018-01-26 01:49:53.708+00,2018-01-29 11:18:53.893+00,864238033920043,aranya,plot1,,Bridelia retusa,1,0,1,22.6000000000000014,14,26.5,,,,1,1,0,0,0,2,,,
13,,preethi1433@gmail.com,2018-01-29 11:30:25.564+00,9026,3,t,"[basic]plot 9
adjacent to plot 8
along the road",,,2018-01-26 01:49:53.708+00,2018-01-29 11:18:53.893+00,864238033920043,aranya,plot1,,Bridelia retusa,1,0,1,22.6000000000000014,14,26.5,,,,1,1,0,0,0,2,,,
13,,preethi1433@gmail.com,2018-01-29 11:30:25.564+00,9026,3,t,"[basic]plot 9
adjacent to plot 8
along the road",,,2018-01-26 01:49:53.708+00,2018-01-29 11:18:53.893+00,864238033920043,aranya,plot1,,Bridelia retusa,1,0,1,22.6000000000000014,14,26.5,,,,1,1,0,0,0,1,,,
13,,preethi1433@gmail.com,2018-01-29 11:30:25.564+00,9026,3,t,"[basic]plot 9
adjacent to plot 8
along the road",,,2018-01-26 01:49:53.708+00,2018-01-29 11:18:53.893+00,864238033920043,aranya,plot1,,Bridelia retusa,1,0,1,24.1999999999999993,28,18,20,,,1,1,0,0,0,1,,,
13,,preethi1433@gmail.com,2018-01-29 11:30:25.564+00,9026,3,t,"[basic]plot 9
adjacent to plot 8
along the road",,,2018-01-26 01:49:53.708+00,2018-01-29 11:18:53.893+00,864238033920043,aranya,plot1,,Bridelia retusa,1,0,1,24.1999999999999993,28,18,20,,,1,1,0,0,0,2,,,
13,,preethi1433@gmail.com,2018-01-29 11:30:25.564+00,9026,3,t,"[basic]plot 9
adjacent to plot 8
along the road",,,2018-01-26 01:49:53.708+00,2018-01-29 11:18:53.893+00,864238033920043,aranya,plot1,,Bridelia retusa,1,0,1,24.1999999999999993,28,18,20,,,1,1,0,0,0,2,,,
13,,preethi1433@gmail.com,2018-01-29 11:30:25.564+00,9026,3,t,"[basic]plot 9
adjacent to plot 8
along the road",,,2018-01-26 01:49:53.708+00,2018-01-29 11:18:53.893+00,864238033920043,aranya,plot1,,Acacia auriculiformis,0,0,0,0,25.5,,,,,1,4,0,0,0,2,,,
13,,preethi1433@gmail.com,2018-01-29 11:30:25.564+00,9026,3,t,"[basic]plot 9
adjacent to plot 8
along the road",,,2018-01-26 01:49:53.708+00,2018-01-29 11:18:53.893+00,864238033920043,aranya,plot1,,Acacia auriculiformis,0,0,0,0,25.5,,,,,1,4,0,0,0,2,,,
13,,preethi1433@gmail.com,2018-01-29 11:30:25.564+00,9026,3,t,"[basic]plot 9
adjacent to plot 8
along the road",,,2018-01-26 01:49:53.708+00,2018-01-29 11:18:53.893+00,864238033920043,aranya,plot1,,Acacia auriculiformis,0,0,0,0,25.5,,,,,1,1,0,0,0,2,,,
13,,preethi1433@gmail.com,2018-01-29 11:30:25.564+00,9026,3,t,"[basic]plot 9
adjacent to plot 8
along the road",,,2018-01-26 01:49:53.708+00,2018-01-29 11:18:53.893+00,864238033920043,aranya,plot1,,Dodonaea angustifolia,1,0,0,1,17.5,11,13,,,1,3,1,1,0,1,,,
13,,preethi1433@gmail.com,2018-01-29 11:30:25.564+00,9026,3,t,"[basic]plot 9
adjacent to plot 8
along the road",,,2018-01-26 01:49:53.708+00,2018-01-29 11:18:53.893+00,864238033920043,aranya,plot1,,Dodonaea angustifolia,1,0,0,1,17.5,11,13,,,1,3,1,1,0,1,,,
13,,preethi1433@gmail.com,2018-01-29 11:30:25.564+00,9026,3,t,"[basic]plot 9
adjacent to plot 8
along the road",,,2018-01-26 01:49:53.708+00,2018-01-29 11:18:53.893+00,864238033920043,aranya,plot1,,Acacia auriculiformis,1,0,0,3,11,,,,,1,1,1,0,0,2,,,
13,,preethi1433@gmail.com,2018-01-29 11:30:25.564+00,9026,3,t,"[basic]plot 9
adjacent to plot 8
along the road",,,2018-01-26 01:49:53.708+00,2018-01-29 11:18:53.893+00,864238033920043,aranya,plot1,,Albizia lebbeck,1,0,1,15,24,32,22,,,1,1,0,0,0,2,,,
13,,preethi1433@gmail.com,2018-01-29 11:30:25.564+00,9026,3,t,"[basic]plot 9
adjacent to plot 8
along the road",,,2018-01-26 01:49:53.708+00,2018-01-29 11:18:53.893+00,864238033920043,aranya,plot1,,Acacia auriculiformis,1,0,1,12,12.5,16,,,,1,4,1,1,0,2,,,
13,,preethi1433@gmail.com,2018-01-29 11:30:25.564+00,9026,3,t,"[basic]plot 9
adjacent to plot 8
along the road",,,2018-01-26 01:49:53.708+00,2018-01-29 11:18:53.893+00,864238033920043,aranya,plot1,,Acacia auriculiformis,1,0,1,12,12.5,16,,,,1,1,1,0,0,2,,,
13,,preethi1433@gmail.com,2018-01-29 11:30:25.564+00,9026,3,t,"[basic]plot 9
adjacent to plot 8
along the road",,,2018-01-26 01:49:53.708+00,2018-01-29 11:18:53.893+00,864238033920043,aranya,plot1,,Acacia sp.,0,0,0,0,9,4.5,,,,1,2,0,0,0,2,,,
13,,preethi1433@gmail.com,2018-01-29 11:30:25.564+00,9026,3,t,"[basic]plot 9
adjacent to plot 8 along the road",,,2018-01-26 01:49:53.708+00,2018-01-29 11:18:53.893+00,864238033920043,aranya,plot1,,Acacia holosericea,1,1,1,3,9,3,,,,1,3,1,1,0,1,,,
13,,preethi1433@gmail.com,2018-01-29 11:30:25.564+00,9026,3,t,"[basic]plot 9
adjacent to plot 8 along the road",,,2018-01-26 01:49:53.708+00,2018-01-29 11:18:53.893+00,864238033920043,aranya,plot1,,Acacia holosericea,1,1,1,3,9,3,,,,1,1,1,0,0,2,,,
13,,preethi1433@gmail.com,2018-01-29 11:30:25.564+00,9026,3,t,"[basic]plot 9
adjacent to plot 8
along the road",,,2018-01-26 01:49:53.708+00,2018-01-29 11:18:53.893+00,864238033920043,aranya,plot1,,Acacia auriculiformis,1,0,1,12,14,10,6,,,1,4,1,1,0,2,,,
13,,preethi1433@gmail.com,2018-01-29 11:30:25.564+00,9026,3,t,"[basic]plot 9
adjacent to plot 8
along the road",,,2018-01-26 01:49:53.708+00,2018-01-29 11:18:53.893+00,864238033920043,aranya,plot1,,Albizia lebbeck,1,0,0,18.8000000000000007,25.5,16.5,,,,1,1,1,1,0,1,,,
13,,preethi1433@gmail.com,2018-01-29 11:30:25.564+00,9026,3,t,"[basic]plot 9
adjacent to plot 8
along the road",,,2018-01-26 01:49:53.708+00,2018-01-29 11:18:53.893+00,864238033920043,aranya,plot1,,Albizia lebbeck,1,0,0,18.8000000000000007,25.5,16.5,,,,1,1,0,0,0,2,,,
14,,preethi1433@gmail.com,2018-01-29 11:30:24.043+00,9026,3,t,"[basic]plot 7 after plot 5 adjacent",,,2018-01-25 03:23:25.637+00,2018-01-29 11:18:59.334+00,864238033920043,aranya,plot1,,Acacia mangium,1,1,1,3.20000000000000018,18,12,,,,1,4,1,1,1,2,,,
14,,preethi1433@gmail.com,2018-01-29 11:30:24.043+00,9026,3,t,"[basic]plot 7 after plot 5 adjacent",,,2018-01-25 03:23:25.637+00,2018-01-29 11:18:59.334+00,864238033920043,aranya,plot1,,Acacia mangium,1,1,1,3.20000000000000018,18,12,,,,1,1,1,0,0,2,,,
14,,preethi1433@gmail.com,2018-01-29 11:30:24.043+00,9026,3,t,"[basic]plot 7 after plot 5 adjacent",,,2018-01-25 03:23:25.637+00,2018-01-29 11:18:59.334+00,864238033920043,aranya,plot1,,Acacia mangium,1,1,1,3.20000000000000018,18,12,,,,1,2,1,1,0,2,,,
14,,preethi1433@gmail.com,2018-01-29 11:30:24.043+00,9026,3,t,"[basic]plot 7 after plot 5 adjacent",,,2018-01-25 03:23:25.637+00,2018-01-29 11:18:59.334+00,864238033920043,aranya,plot1,,Acacia mangium,1,1,1,3.20000000000000018,18,12,,,,1,1,1,0,0,2,,,
14,,preethi1433@gmail.com,2018-01-29 11:30:24.043+00,9026,3,t,"[basic]plot 7 after plot 5 adjacent",,,2018-01-25 03:23:25.637+00,2018-01-29 11:18:59.334+00,864238033920043,aranya,plot1,,Acacia mangium,1,1,1,3.20000000000000018,18,12,,,,1,1,1,0,0,2,,,
14,,preethi1433@gmail.com,2018-01-29 11:30:24.043+00,9026,3,t,"[basic]plot 7 after plot 5 adjacent",,,2018-01-25 03:23:25.637+00,2018-01-29 11:18:59.334+00,864238033920043,aranya,plot1,,Acacia mangium,1,1,1,3.20000000000000018,18,12,,,,1,1,1,0,0,2,,,
14,,preethi1433@gmail.com,2018-01-29 11:30:24.043+00,9026,3,t,"[basic]plot 7 after plot 5 adjacent",,,2018-01-25 03:23:25.637+00,2018-01-29 11:18:59.334+00,864238033920043,aranya,plot1,,Acacia mangium,1,1,1,3.20000000000000018,18,12,,,,1,2,1,0,0,2,,,
14,,preethi1433@gmail.com,2018-01-29 11:30:24.043+00,9026,3,t,"[basic]plot 7 after plot 5 adjacent",,,2018-01-25 03:23:25.637+00,2018-01-29 11:18:59.334+00,864238033920043,aranya,plot1,,Acacia mangium,1,1,1,3.20000000000000018,18,12,,,,1,3,1,0,0,2,,,
14,,preethi1433@gmail.com,2018-01-29 11:30:24.043+00,9026,3,t,"[basic]plot 7 after plot 5 adjacent",,,2018-01-25 03:23:25.637+00,2018-01-29 11:18:59.334+00,864238033920043,aranya,plot1,,Acacia mangium,1,1,1,3.20000000000000018,18,12,,,,1,2,1,0,0,2,,,
14,,preethi1433@gmail.com,2018-01-29 11:30:24.043+00,9026,3,t,"[basic]plot 7 after plot 5 adjacent",,,2018-01-25 03:23:25.637+00,2018-01-29 11:18:59.334+00,864238033920043,aranya,plot1,,Acacia mangium,1,1,1,3.20000000000000018,18,12,,,,1,1,1,1,0,2,,,
14,,preethi1433@gmail.com,2018-01-29 11:30:24.043+00,9026,3,t,"[basic]plot 7 after plot 5 adjacent",,,2018-01-25 03:23:25.637+00,2018-01-29 11:18:59.334+00,864238033920043,aranya,plot1,,Acacia mangium,1,1,1,3.20000000000000018,18,12,,,,1,1,1,0,0,2,,,
14,,preethi1433@gmail.com,2018-01-29 11:30:24.043+00,9026,3,t,"[basic]plot 7 after plot 5 adjacent",,,2018-01-25 03:23:25.637+00,2018-01-29 11:18:59.334+00,864238033920043,aranya,plot1,,Acacia mangium,1,1,1,3.20000000000000018,18,12,,,,1,2,1,1,0,2,,,
14,,preethi1433@gmail.com,2018-01-29 11:30:24.043+00,9026,3,t,"[basic]plot 7 after plot 5 adjacent",,,2018-01-25 03:23:25.637+00,2018-01-29 11:18:59.334+00,864238033920043,aranya,plot1,,Acacia holosericea,1,1,1,9.59999999999999964,9.5,4,,,,1,4,1,1,1,1,,,
14,,preethi1433@gmail.com,2018-01-29 11:30:24.043+00,9026,3,t,"[basic]plot 7 after plot 5 adjacent",,,2018-01-25 03:23:25.637+00,2018-01-29 11:18:59.334+00,864238033920043,aranya,plot1,,Acacia holosericea,1,1,1,9.59999999999999964,9.5,4,,,,1,1,1,0,0,2,,,
14,,preethi1433@gmail.com,2018-01-29 11:30:24.043+00,9026,3,t,"[basic]plot 7 after plot 5 adjacent",,,2018-01-25 03:23:25.637+00,2018-01-29 11:18:59.334+00,864238033920043,aranya,plot1,,Acacia holosericea,1,1,1,6.20000000000000018,10,,,,,1,4,1,1,0,1,,,
14,,preethi1433@gmail.com,2018-01-29 11:30:24.043+00,9026,3,t,"[basic]plot 7 after plot 5 adjacent",,,2018-01-25 03:23:25.637+00,2018-01-29 11:18:59.334+00,864238033920043,aranya,plot1,,Acacia mangium,1,1,1,3,9,,,,,1,1,1,0,0,2,,,
14,,preethi1433@gmail.com,2018-01-29 11:30:24.043+00,9026,3,t,"[basic]plot 7 after plot 5 adjacent",,,2018-01-25 03:23:25.637+00,2018-01-29 11:18:59.334+00,864238033920043,aranya,plot1,,Hardwickia binata,1,0,0,9.5,60,,,,,1,4,1,1,1,1,,,
14,,preethi1433@gmail.com,2018-01-29 11:30:24.043+00,9026,3,t,"[basic]plot 7 after plot 5 adjacent",,,2018-01-25 03:23:25.637+00,2018-01-29 11:18:59.334+00,864238033920043,aranya,plot1,,Hardwickia binata,1,0,0,9.5,60,,,,,1,4,1,1,1,1,,,
14,,preethi1433@gmail.com,2018-01-29 11:30:24.043+00,9026,3,t,"[basic]plot 7 after plot 5 adjacent",,,2018-01-25 03:23:25.637+00,2018-01-29 11:18:59.334+00,864238033920043,aranya,plot1,,Hardwickia binata,1,0,0,12.4000000000000004,60,,,,,1,4,1,0,0,1,,,
15,,preethi1433@gmail.com,2018-01-29 11:30:20.703+00,9026,3,t,"[basic]Aranya plot 4 with Banyan parasite other side of road",,,2018-01-24 03:00:04.482+00,2018-01-29 11:18:32.454+00,864238033920043,aranya,plot1,,Ficus benghalensis,1,0,0,20.8000000000000007,105,,,,,1,4,1,1,0,1,,,
15,,preethi1433@gmail.com,2018-01-29 11:30:20.703+00,9026,3,t,"[basic]Aranya plot 4 with Banyan parasite other side of road",,,2018-01-24 03:00:04.482+00,2018-01-29 11:18:32.454+00,864238033920043,aranya,plot1,,Ficus benghalensis,1,0,0,20.8000000000000007,105,,,,,1,4,1,1,0,1,,,
15,,preethi1433@gmail.com,2018-01-29 11:30:20.703+00,9026,3,t,"[basic]Aranya plot 4 with Banyan parasite other side of road",,,2018-01-24 03:00:04.482+00,2018-01-29 11:18:32.454+00,864238033920043,aranya,plot1,,Ficus benghalensis,1,0,0,20.8000000000000007,105,,,,,1,3,1,1,0,1,,,
15,,preethi1433@gmail.com,2018-01-29 11:30:20.703+00,9026,3,t,"[basic]Aranya plot 4 with Banyan parasite other side of road",,,2018-01-24 03:00:04.482+00,2018-01-29 11:18:32.454+00,864238033920043,aranya,plot1,,Ficus benghalensis,1,0,0,20.8000000000000007,105,,,,,1,4,1,1,0,1,,,
15,,preethi1433@gmail.com,2018-01-29 11:30:20.703+00,9026,3,t,"[basic]Aranya plot 4 with Banyan parasite other side of road",,,2018-01-24 03:00:04.482+00,2018-01-29 11:18:32.454+00,864238033920043,aranya,plot1,,Bridelia retusa,1,0,0,23,9,2,,,,1,1,1,1,0,1,,,
15,,preethi1433@gmail.com,2018-01-29 11:30:20.703+00,9026,3,t,"[basic]Aranya plot 4 with Banyan parasite other side of road",,,2018-01-24 03:00:04.482+00,2018-01-29 11:18:32.454+00,864238033920043,aranya,plot1,,Morinda coreia,0,0,0,3,30,,,,,1,3,0,0,0,1,,,
15,,preethi1433@gmail.com,2018-01-29 11:30:20.703+00,9026,3,t,"[basic]Aranya plot 4 with Banyan parasite other side of road",,,2018-01-24 03:00:04.482+00,2018-01-29 11:18:32.454+00,864238033920043,aranya,plot1,,Bridelia retusa,1,0,0,6,13,,,,,1,1,1,0,0,1,,,
15,,preethi1433@gmail.com,2018-01-29 11:30:20.703+00,9026,3,t,"[basic]Aranya plot 4 with Banyan parasite other side of road",,,2018-01-24 03:00:04.482+00,2018-01-29 11:18:32.454+00,864238033920043,aranya,plot1,,Acacia holosericea,1,0,1,2,8,2,3,,,1,1,1,0,0,2,,,
15,,preethi1433@gmail.com,2018-01-29 11:30:20.703+00,9026,3,t,"[basic]Aranya plot 4 with Banyan parasite other side of road",,,2018-01-24 03:00:04.482+00,2018-01-29 11:18:32.454+00,864238033920043,aranya,plot1,,Acacia holosericea,1,0,1,2,8,2,3,,,1,1,1,0,0,2,,,
16,,preethi1433@gmail.com,2018-01-29 11:30:21.227+00,9026,3,t,"[basic]plot 5 [host]tree 41 has acacia chundra with lot of parasite fruits",,,2018-01-24 09:53:20.168+00,2018-01-29 11:18:38.049+00,864238033920043,aranya,plot1,,Acacia mangium,1,1,1,11.6999999999999993,12,5,4,4,,1,3,1,0,0,1,,,
16,,preethi1433@gmail.com,2018-01-29 11:30:21.227+00,9026,3,t,"[basic]plot 5 [host]tree 41 has acacia chundra with lot of parasite fruits",,,2018-01-24 09:53:20.168+00,2018-01-29 11:18:38.049+00,864238033920043,aranya,plot1,,Acacia mangium,1,1,0,6.09999999999999964,7,8,,,,1,1,1,1,0,1,,,
16,,preethi1433@gmail.com,2018-01-29 11:30:21.227+00,9026,3,t,"[basic]plot 5 [host]tree 41 has acacia chundra with lot of parasite fruits",,,2018-01-24 09:53:20.168+00,2018-01-29 11:18:38.049+00,864238033920043,aranya,plot1,,Acacia mangium,1,1,0,6.09999999999999964,7,8,,,,1,,0,0,0,,,,
16,,preethi1433@gmail.com,2018-01-29 11:30:21.227+00,9026,3,t,"[basic]plot 5 [host]tree 41 has acacia chundra with lot of parasite fruits",,,2018-01-24 09:53:20.168+00,2018-01-29 11:18:38.049+00,864238033920043,aranya,plot1,,Acacia mangium,1,1,1,13.5,21,,,,,1,1,1,0,0,2,,,
16,,preethi1433@gmail.com,2018-01-29 11:30:21.227+00,9026,3,t,"[basic]plot 5 [host]tree 41 has acacia chundra with lot of parasite fruits",,,2018-01-24 09:53:20.168+00,2018-01-29 11:18:38.049+00,864238033920043,aranya,plot1,,Acacia mangium,1,1,1,13.5,21,,,,,1,3,1,1,0,2,,,
16,,preethi1433@gmail.com,2018-01-29 11:30:21.227+00,9026,3,t,"[basic]plot 5 [host]tree 41 has acacia chundra with lot of parasite fruits",,,2018-01-24 09:53:20.168+00,2018-01-29 11:18:38.049+00,864238033920043,aranya,plot1,,Acacia mangium,1,1,1,13.5,21,,,,,1,4,1,1,0,2,,,
16,,preethi1433@gmail.com,2018-01-29 11:30:21.227+00,9026,3,t,"[basic]plot 5 [host]tree 41 has acacia chundra with lot of parasite fruits",,,2018-01-24 09:53:20.168+00,2018-01-29 11:18:38.049+00,864238033920043,aranya,plot1,,Acacia chundra,1,0,0,8.19999999999999929,15,,,,,1,3,1,1,1,1,,,
16,,preethi1433@gmail.com,2018-01-29 11:30:21.227+00,9026,3,t,"[basic]plot 5 [host]tree 41 has acacia chundra with lot of parasite fruits",,,2018-01-24 09:53:20.168+00,2018-01-29 11:18:38.049+00,864238033920043,aranya,plot1,,Acacia chundra,1,0,1,12,24.5,,,,,1,2,1,1,0,1,,,
16,,preethi1433@gmail.com,2018-01-29 11:30:21.227+00,9026,3,t,"[basic]plot 5 [host]tree 41 has acacia chundra with lot of parasite fruits",,,2018-01-24 09:53:20.168+00,2018-01-29 11:18:38.049+00,864238033920043,aranya,plot1,,Acacia chundra,1,0,1,12,24.5,,,,,1,2,1,1,0,1,,,
16,,preethi1433@gmail.com,2018-01-29 11:30:21.227+00,9026,3,t,"[basic]plot 5 [host]tree 41 has acacia chundra with lot of parasite fruits",,,2018-01-24 09:53:20.168+00,2018-01-29 11:18:38.049+00,864238033920043,aranya,plot1,,Acacia chundra,1,0,1,12,24.5,,,,,1,4,1,1,0,1,,,
16,,preethi1433@gmail.com,2018-01-29 11:30:21.227+00,9026,3,t,"[basic]plot 5 [host]tree 41 has acacia chundra with lot of parasite fruits",,,2018-01-24 09:53:20.168+00,2018-01-29 11:18:38.049+00,864238033920043,aranya,plot1,,Acacia holosericea,1,1,1,4,18,15,6,5,,1,2,1,0,0,1,,,
17,,preethi1433@gmail.com,2018-01-29 11:30:22.99+00,9026,3,t,"[basic]plot 6 acacia chundra",,,2018-01-25 01:41:25.768+00,2018-01-29 11:18:43.861+00,864238033920043,aranya,plot1,,Acacia chundra,1,0,1,3,32,,,,,1,1,1,0,0,1,,,
17,,preethi1433@gmail.com,2018-01-29 11:30:22.99+00,9026,3,t,"[basic]plot 6 acacia chundra",,,2018-01-25 01:41:25.768+00,2018-01-29 11:18:43.861+00,864238033920043,aranya,plot1,,Acacia chundra,1,0,1,9,37,,,,,1,3,1,1,0,2,,,
17,,preethi1433@gmail.com,2018-01-29 11:30:22.99+00,9026,3,t,"[basic]plot 6 acacia chundra",,,2018-01-25 01:41:25.768+00,2018-01-29 11:18:43.861+00,864238033920043,aranya,plot1,,Acacia chundra,1,0,1,9,37,,,,,1,3,1,1,0,2,,,
17,,preethi1433@gmail.com,2018-01-29 11:30:22.99+00,9026,3,t,"[basic]plot 6 acacia chundra",,,2018-01-25 01:41:25.768+00,2018-01-29 11:18:43.861+00,864238033920043,aranya,plot1,,Acacia chundra,1,0,1,9,37,,,,,1,1,1,1,0,1,,,
17,,preethi1433@gmail.com,2018-01-29 11:30:22.99+00,9026,3,t,"[basic]plot 6 acacia chundra",,,2018-01-25 01:41:25.768+00,2018-01-29 11:18:43.861+00,864238033920043,aranya,plot1,,Acacia holosericea,1,0,0,0,5,,,,,1,1,1,1,1,2,,,
17,,preethi1433@gmail.com,2018-01-29 11:30:22.99+00,9026,3,t,"[basic]plot 6 acacia chundra",,,2018-01-25 01:41:25.768+00,2018-01-29 11:18:43.861+00,864238033920043,aranya,plot1,,Acacia holosericea,1,1,1,0.200000000000000011,11,,,,,1,1,0,0,0,2,,,
17,,preethi1433@gmail.com,2018-01-29 11:30:22.99+00,9026,3,t,"[basic]plot 6 acacia chundra",,,2018-01-25 01:41:25.768+00,2018-01-29 11:18:43.861+00,864238033920043,aranya,plot1,,Acacia holosericea,1,1,1,0.200000000000000011,11,,,,,1,1,0,0,0,1,,,
17,,preethi1433@gmail.com,2018-01-29 11:30:22.99+00,9026,3,t,"[basic]plot 6 acacia chundra",,,2018-01-25 01:41:25.768+00,2018-01-29 11:18:43.861+00,864238033920043,aranya,plot1,,Acacia holosericea,1,1,1,0.200000000000000011,11,,,,,1,1,0,0,0,1,,,
17,,preethi1433@gmail.com,2018-01-29 11:30:22.99+00,9026,3,t,"[basic]plot 6 acacia chundra",,,2018-01-25 01:41:25.768+00,2018-01-29 11:18:43.861+00,864238033920043,aranya,plot1,,Acacia chundra,1,0,1,0.5,22,,,,,1,3,1,1,0,1,,,
17,,preethi1433@gmail.com,2018-01-29 11:30:22.99+00,9026,3,t,"[basic]plot 6 acacia chundra",,,2018-01-25 01:41:25.768+00,2018-01-29 11:18:43.861+00,864238033920043,aranya,plot1,,Acacia chundra,1,0,1,0.699999999999999956,25,,,,,1,1,1,1,0,1,,,
17,,preethi1433@gmail.com,2018-01-29 11:30:22.99+00,9026,3,t,"[basic]plot 6 acacia chundra",,,2018-01-25 01:41:25.768+00,2018-01-29 11:18:43.861+00,864238033920043,aranya,plot1,,Acacia chundra,1,0,1,3,22,,,,,1,1,1,0,0,2,,,
17,,preethi1433@gmail.com,2018-01-29 11:30:22.99+00,9026,3,t,"[basic]plot 6 acacia chundra",,,2018-01-25 01:41:25.768+00,2018-01-29 11:18:43.861+00,864238033920043,aranya,plot1,,Acacia chundra,1,0,1,3,22,,,,,1,4,1,1,1,1,,,
17,,preethi1433@gmail.com,2018-01-29 11:30:22.99+00,9026,3,t,"[basic]plot 6 acacia chundra",,,2018-01-25 01:41:25.768+00,2018-01-29 11:18:43.861+00,864238033920043,aranya,plot1,,Acacia chundra,1,0,0,7,37,,,,,1,4,1,1,0,1,,,
17,,preethi1433@gmail.com,2018-01-29 11:30:22.99+00,9026,3,t,"[basic]plot 6 acacia chundra",,,2018-01-25 01:41:25.768+00,2018-01-29 11:18:43.861+00,864238033920043,aranya,plot1,,Acacia chundra,1,0,0,7,37,,,,,1,3,1,1,0,1,,,
17,,preethi1433@gmail.com,2018-01-29 11:30:22.99+00,9026,3,t,"[basic]plot 6 acacia chundra",,,2018-01-25 01:41:25.768+00,2018-01-29 11:18:43.861+00,864238033920043,aranya,plot1,,Acacia chundra,1,0,0,7,37,,,,,1,3,1,1,0,1,,,
17,,preethi1433@gmail.com,2018-01-29 11:30:22.99+00,9026,3,t,"[basic]plot 6 acacia chundra",,,2018-01-25 01:41:25.768+00,2018-01-29 11:18:43.861+00,864238033920043,aranya,plot1,,Acacia chundra,1,0,0,7,37,,,,,1,1,1,0,0,1,,,
17,,preethi1433@gmail.com,2018-01-29 11:30:22.99+00,9026,3,t,"[basic]plot 6 acacia chundra",,,2018-01-25 01:41:25.768+00,2018-01-29 11:18:43.861+00,864238033920043,aranya,plot1,,Acacia chundra,1,0,0,7,37,,,,,1,1,1,0,0,1,,,
17,,preethi1433@gmail.com,2018-01-29 11:30:22.99+00,9026,3,t,"[basic]plot 6 acacia chundra",,,2018-01-25 01:41:25.768+00,2018-01-29 11:18:43.861+00,864238033920043,aranya,plot1,,Acacia chundra,1,0,0,7,37,,,,,1,1,1,0,0,2,,,
17,,preethi1433@gmail.com,2018-01-29 11:30:22.99+00,9026,3,t,"[basic]plot 6 acacia chundra",,,2018-01-25 01:41:25.768+00,2018-01-29 11:18:43.861+00,864238033920043,aranya,plot1,,Acacia chundra,1,0,1,16,38,,,,,1,3,0,0,0,2,,,
17,,preethi1433@gmail.com,2018-01-29 11:30:22.99+00,9026,3,t,"[basic]plot 6 acacia chundra",,,2018-01-25 01:41:25.768+00,2018-01-29 11:18:43.861+00,864238033920043,aranya,plot1,,Acacia chundra,1,0,1,16,38,,,,,1,4,0,0,0,2,,,
17,,preethi1433@gmail.com,2018-01-29 11:30:22.99+00,9026,3,t,"[basic]plot 6 acacia chundra",,,2018-01-25 01:41:25.768+00,2018-01-29 11:18:43.861+00,864238033920043,aranya,plot1,,Acacia chundra,1,0,1,16,38,,,,,1,3,1,1,0,1,,,
17,,preethi1433@gmail.com,2018-01-29 11:30:22.99+00,9026,3,t,"[basic]plot 6 acacia chundra",,,2018-01-25 01:41:25.768+00,2018-01-29 11:18:43.861+00,864238033920043,aranya,plot1,,Acacia chundra,1,0,1,16,38,,,,,1,4,1,1,1,1,,,
17,,preethi1433@gmail.com,2018-01-29 11:30:22.99+00,9026,3,t,"[basic]plot 6 acacia chundra",,,2018-01-25 01:41:25.768+00,2018-01-29 11:18:43.861+00,864238033920043,aranya,plot1,,Acacia chundra,1,0,1,16,38,,,,,1,1,1,1,0,1,,,
17,,preethi1433@gmail.com,2018-01-29 11:30:22.99+00,9026,3,t,"[basic]plot 6 acacia chundra",,,2018-01-25 01:41:25.768+00,2018-01-29 11:18:43.861+00,864238033920043,aranya,plot1,,Acacia chundra,1,0,1,16,38,,,,,1,1,1,1,0,1,,,
17,,preethi1433@gmail.com,2018-01-29 11:30:22.99+00,9026,3,t,"[basic]plot 6 acacia chundra",,,2018-01-25 01:41:25.768+00,2018-01-29 11:18:43.861+00,864238033920043,aranya,plot1,,Acacia chundra,1,0,0,4,19,,,,,1,3,1,1,1,,,,
17,,preethi1433@gmail.com,2018-01-29 11:30:22.99+00,9026,3,t,"[basic]plot 6 acacia chundra",,,2018-01-25 01:41:25.768+00,2018-01-29 11:18:43.861+00,864238033920043,aranya,plot1,,Albizia lebbeck,1,0,0,10.1999999999999993,28.5,,,,,1,4,1,1,1,1,,,
17,,preethi1433@gmail.com,2018-01-29 11:30:22.99+00,9026,3,t,"[basic]plot 6 acacia chundra",,,2018-01-25 01:41:25.768+00,2018-01-29 11:18:43.861+00,864238033920043,aranya,plot1,,Albizia lebbeck,1,0,0,10.1999999999999993,28.5,,,,,1,3,1,1,1,1,,,
17,,preethi1433@gmail.com,2018-01-29 11:30:22.99+00,9026,3,t,"[basic]plot 6 acacia chundra",,,2018-01-25 01:41:25.768+00,2018-01-29 11:18:43.861+00,864238033920043,aranya,plot1,,Albizia lebbeck,1,0,0,10.1999999999999993,28.5,,,,,1,2,1,1,1,1,,,
17,,preethi1433@gmail.com,2018-01-29 11:30:22.99+00,9026,3,t,"[basic]plot 6 acacia chundra",,,2018-01-25 01:41:25.768+00,2018-01-29 11:18:43.861+00,864238033920043,aranya,plot1,,Albizia lebbeck,1,0,0,10.1999999999999993,28.5,,,,,1,2,1,1,1,1,,,
17,,preethi1433@gmail.com,2018-01-29 11:30:22.99+00,9026,3,t,"[basic]plot 6 acacia chundra",,,2018-01-25 01:41:25.768+00,2018-01-29 11:18:43.861+00,864238033920043,aranya,plot1,,Acacia chundra,1,0,1,18,41,,,,,1,4,1,1,1,1,,,
17,,preethi1433@gmail.com,2018-01-29 11:30:22.99+00,9026,3,t,"[basic]plot 6 acacia chundra",,,2018-01-25 01:41:25.768+00,2018-01-29 11:18:43.861+00,864238033920043,aranya,plot1,,Acacia chundra,1,0,1,18,41,,,,,1,4,1,1,1,1,,,
17,,preethi1433@gmail.com,2018-01-29 11:30:22.99+00,9026,3,t,"[basic]plot 6 acacia chundra",,,2018-01-25 01:41:25.768+00,2018-01-29 11:18:43.861+00,864238033920043,aranya,plot1,,Acacia chundra,1,0,1,18,41,,,,,1,3,1,1,0,1,,,
17,,preethi1433@gmail.com,2018-01-29 11:30:22.99+00,9026,3,t,"[basic]plot 6 acacia chundra",,,2018-01-25 01:41:25.768+00,2018-01-29 11:18:43.861+00,864238033920043,aranya,plot1,,Acacia chundra,1,0,1,13,46,,,,,1,4,1,1,0,1,,,
17,,preethi1433@gmail.com,2018-01-29 11:30:22.99+00,9026,3,t,"[basic]plot 6 acacia chundra",,,2018-01-25 01:41:25.768+00,2018-01-29 11:18:43.861+00,864238033920043,aranya,plot1,,Acacia chundra,1,0,1,13,46,,,,,1,3,1,1,0,1,,,
17,,preethi1433@gmail.com,2018-01-29 11:30:22.99+00,9026,3,t,"[basic]plot 6 acacia chundra",,,2018-01-25 01:41:25.768+00,2018-01-29 11:18:43.861+00,864238033920043,aranya,plot1,,Acacia chundra,1,0,1,13,46,,,,,1,1,1,0,0,1,,,
17,,preethi1433@gmail.com,2018-01-29 11:30:22.99+00,9026,3,t,"[basic]plot 6 acacia chundra",,,2018-01-25 01:41:25.768+00,2018-01-29 11:18:43.861+00,864238033920043,aranya,plot1,,Acacia chundra,1,0,1,5,39,,,,,1,4,1,1,1,1,,,
17,,preethi1433@gmail.com,2018-01-29 11:30:22.99+00,9026,3,t,"[basic]plot 6 acacia chundra",,,2018-01-25 01:41:25.768+00,2018-01-29 11:18:43.861+00,864238033920043,aranya,plot1,,Acacia auriculiformis,1,0,0,6,19,,,,,1,3,1,1,0,2,,,
17,,preethi1433@gmail.com,2018-01-29 11:30:22.99+00,9026,3,t,"[basic]plot 6 acacia chundra",,,2018-01-25 01:41:25.768+00,2018-01-29 11:18:43.861+00,864238033920043,aranya,plot1,,Acacia auriculiformis,1,0,0,6,19,,,,,1,3,1,1,0,2,,,
17,,preethi1433@gmail.com,2018-01-29 11:30:22.99+00,9026,3,t,"[basic]plot 6 acacia chundra",,,2018-01-25 01:41:25.768+00,2018-01-29 11:18:43.861+00,864238033920043,aranya,plot1,,Acacia holosericea,1,0,0,0.599999999999999978,9,,,,,1,3,1,1,1,2,,,
17,,preethi1433@gmail.com,2018-01-29 11:30:22.99+00,9026,3,t,"[basic]plot 6 acacia chundra",,,2018-01-25 01:41:25.768+00,2018-01-29 11:18:43.861+00,864238033920043,aranya,plot1,,Acacia holosericea,1,1,1,3.79999999999999982,10,,,,,1,2,1,1,0,1,,,
17,,preethi1433@gmail.com,2018-01-29 11:30:22.99+00,9026,3,t,"[basic]plot 6 acacia chundra",,,2018-01-25 01:41:25.768+00,2018-01-29 11:18:43.861+00,864238033920043,aranya,plot1,,Peltophorum pterocarpum,1,0,0,13,9,17,16,15,12,1,4,1,1,0,1,,,
18,,preethi1433@gmail.com,2018-01-29 11:30:26.044+00,9026,3,t,"[basic]plot 10 behind plot 8&9
Barringtonia",,,2018-01-26 04:30:07.208+00,2018-01-29 11:19:05.554+00,864238033920043,aranya,plot1,,Barringtonia acutangala,1,0,0,12.6999999999999993,41,27,23,32,,1,2,1,0,0,1,,,
18,,preethi1433@gmail.com,2018-01-29 11:30:26.044+00,9026,3,t,"[basic]plot 10 behind plot 8&9
Barringtonia",,,2018-01-26 04:30:07.208+00,2018-01-29 11:19:05.554+00,864238033920043,aranya,plot1,,Khaya senegalensis,1,0,0,5,22,,,,,1,1,0,0,0,1,,,
18,,preethi1433@gmail.com,2018-01-29 11:30:26.044+00,9026,3,t,"[basic]plot 10 behind plot 8&9
Barringtonia",,,2018-01-26 04:30:07.208+00,2018-01-29 11:19:05.554+00,864238033920043,aranya,plot1,,Khaya senegalensis,1,0,0,5,22,,,,,1,1,0,0,0,1,,,
18,,preethi1433@gmail.com,2018-01-29 11:30:26.044+00,9026,3,t,"[basic]plot 10 behind plot 8&9
Barringtonia",,,2018-01-26 04:30:07.208+00,2018-01-29 11:19:05.554+00,864238033920043,aranya,plot1,,Acacia auriculiformis,1,0,1,40.1000000000000014,58,,,,,1,4,1,1,0,2,,,
18,,preethi1433@gmail.com,2018-01-29 11:30:26.044+00,9026,3,t,"[basic]plot 10 behind plot 8&9
Barringtonia",,,2018-01-26 04:30:07.208+00,2018-01-29 11:19:05.554+00,864238033920043,aranya,plot1,,Acacia auriculiformis,1,0,1,40.1000000000000014,58,,,,,1,4,1,1,0,2,,,
18,,preethi1433@gmail.com,2018-01-29 11:30:26.044+00,9026,3,t,"[basic]plot 10 behind plot 8&9
Barringtonia",,,2018-01-26 04:30:07.208+00,2018-01-29 11:19:05.554+00,864238033920043,aranya,plot1,,Acacia auriculiformis,1,0,1,40.1000000000000014,58,,,,,1,3,1,1,0,2,,,
18,,preethi1433@gmail.com,2018-01-29 11:30:26.044+00,9026,3,t,"[basic]plot 10 behind plot 8&9
Barringtonia",,,2018-01-26 04:30:07.208+00,2018-01-29 11:19:05.554+00,864238033920043,aranya,plot1,,Acacia auriculiformis,1,0,1,40.1000000000000014,58,,,,,1,3,1,1,0,2,,,
18,,preethi1433@gmail.com,2018-01-29 11:30:26.044+00,9026,3,t,"[basic]plot 10 behind plot 8&9
Barringtonia",,,2018-01-26 04:30:07.208+00,2018-01-29 11:19:05.554+00,864238033920043,aranya,plot1,,Acacia auriculiformis,1,0,1,40.1000000000000014,58,,,,,1,3,1,1,0,1,,,
18,,preethi1433@gmail.com,2018-01-29 11:30:26.044+00,9026,3,t,"[basic]plot 10 behind plot 8&9
Barringtonia",,,2018-01-26 04:30:07.208+00,2018-01-29 11:19:05.554+00,864238033920043,aranya,plot1,,Acacia auriculiformis,1,0,1,40.1000000000000014,58,,,,,1,2,1,0,0,2,,,
18,,preethi1433@gmail.com,2018-01-29 11:30:26.044+00,9026,3,t,"[basic]plot 10 behind plot 8&9
Barringtonia",,,2018-01-26 04:30:07.208+00,2018-01-29 11:19:05.554+00,864238033920043,aranya,plot1,,Acacia auriculiformis,1,0,1,40.1000000000000014,58,,,,,1,3,1,0,0,2,,,
18,,preethi1433@gmail.com,2018-01-29 11:30:26.044+00,9026,3,t,"[basic]plot 10 behind plot 8&9
Barringtonia",,,2018-01-26 04:30:07.208+00,2018-01-29 11:19:05.554+00,864238033920043,aranya,plot1,,Acacia auriculiformis,1,0,1,40.1000000000000014,58,,,,,1,3,1,0,0,2,,,
18,,preethi1433@gmail.com,2018-01-29 11:30:26.044+00,9026,3,t,"[basic]plot 10 behind plot 8&9
Barringtonia",,,2018-01-26 04:30:07.208+00,2018-01-29 11:19:05.554+00,864238033920043,aranya,plot1,,Acacia auriculiformis,1,0,1,40.1000000000000014,58,,,,,1,3,1,1,0,1,,,
18,,preethi1433@gmail.com,2018-01-29 11:30:26.044+00,9026,3,t,"[basic]plot 10 behind plot 8&9
Barringtonia",,,2018-01-26 04:30:07.208+00,2018-01-29 11:19:05.554+00,864238033920043,aranya,plot1,,Acacia auriculiformis,1,0,1,40.1000000000000014,58,,,,,1,3,1,1,0,2,,,
18,,preethi1433@gmail.com,2018-01-29 11:30:26.044+00,9026,3,t,"[basic]plot 10 behind plot 8&9
Barringtonia",,,2018-01-26 04:30:07.208+00,2018-01-29 11:19:05.554+00,864238033920043,aranya,plot1,,Bridelia retusa,1,0,0,19,23,19,,,,1,2,1,0,1,1,,,
18,,preethi1433@gmail.com,2018-01-29 11:30:26.044+00,9026,3,t,"[basic]plot 10 behind plot 8&9
Barringtonia",,,2018-01-26 04:30:07.208+00,2018-01-29 11:19:05.554+00,864238033920043,aranya,plot1,,Bridelia retusa,1,0,1,23,42,,,,,1,4,0,0,0,1,,,
18,,preethi1433@gmail.com,2018-01-29 11:30:26.044+00,9026,3,t,"[basic]plot 10 behind plot 8&9
Barringtonia",,,2018-01-26 04:30:07.208+00,2018-01-29 11:19:05.554+00,864238033920043,aranya,plot1,,Bridelia retusa,1,0,1,23,42,,,,,1,4,0,0,0,1,,,
18,,preethi1433@gmail.com,2018-01-29 11:30:26.044+00,9026,3,t,"[basic]plot 10 behind plot 8&9
Barringtonia",,,2018-01-26 04:30:07.208+00,2018-01-29 11:19:05.554+00,864238033920043,aranya,plot1,,Bridelia retusa,1,0,1,23,42,,,,,1,4,0,0,0,1,,,
18,,preethi1433@gmail.com,2018-01-29 11:30:26.044+00,9026,3,t,"[basic]plot 10 behind plot 8&9
Barringtonia",,,2018-01-26 04:30:07.208+00,2018-01-29 11:19:05.554+00,864238033920043,aranya,plot1,,Bridelia retusa,1,0,1,23,42,,,,,1,3,0,0,0,1,,,
18,,preethi1433@gmail.com,2018-01-29 11:30:26.044+00,9026,3,t,"[basic]plot 10 behind plot 8&9
Barringtonia",,,2018-01-26 04:30:07.208+00,2018-01-29 11:19:05.554+00,864238033920043,aranya,plot1,,Bridelia retusa,1,0,1,23,42,,,,,1,1,0,0,0,2,,,
18,,preethi1433@gmail.com,2018-01-29 11:30:26.044+00,9026,3,t,"[basic]plot 10 behind plot 8&9
Barringtonia",,,2018-01-26 04:30:07.208+00,2018-01-29 11:19:05.554+00,864238033920043,aranya,plot1,,Bridelia retusa,1,0,1,19,24,18,,,,1,3,0,0,0,1,,,
18,,preethi1433@gmail.com,2018-01-29 11:30:26.044+00,9026,3,t,"[basic]plot 10 behind plot 8&9
Barringtonia",,,2018-01-26 04:30:07.208+00,2018-01-29 11:19:05.554+00,864238033920043,aranya,plot1,,Bridelia retusa,1,0,1,19,24,18,,,,1,1,0,0,0,1,,,
18,,preethi1433@gmail.com,2018-01-29 11:30:26.044+00,9026,3,t,"[basic]plot 10 behind plot 8&9
Barringtonia",,,2018-01-26 04:30:07.208+00,2018-01-29 11:19:05.554+00,864238033920043,aranya,plot1,,Khaya senegalensis,1,0,0,9.09999999999999964,47,,,,,1,2,0,0,0,1,,,
18,,preethi1433@gmail.com,2018-01-29 11:30:26.044+00,9026,3,t,"[basic]plot 10 behind plot 8&9
Barringtonia",,,2018-01-26 04:30:07.208+00,2018-01-29 11:19:05.554+00,864238033920043,aranya,plot1,,Ziziphus oenoplia,1,0,0,13.6999999999999993,7,11,13,,,1,4,1,1,0,1,,,
18,,preethi1433@gmail.com,2018-01-29 11:30:26.044+00,9026,3,t,"[basic]plot 10 behind plot 8&9
Barringtonia",,,2018-01-26 04:30:07.208+00,2018-01-29 11:19:05.554+00,864238033920043,aranya,plot1,,Ziziphus oenoplia,1,0,0,13.6999999999999993,7,11,13,,,1,3,1,1,0,1,,,
19,,preethi1433@gmail.com,2018-01-29 11:30:26.506+00,9026,3,t,"[basic]plot 11 adjacent to 10",,,2018-01-26 09:21:13.158+00,2018-01-29 11:19:11.893+00,864238033920043,aranya,plot1,,Bridelia retusa,1,0,1,49,42,38,,,,1,1,0,0,0,2,,,
19,,preethi1433@gmail.com,2018-01-29 11:30:26.506+00,9026,3,t,"[basic]plot 11 adjacent to 10",,,2018-01-26 09:21:13.158+00,2018-01-29 11:19:11.893+00,864238033920043,aranya,plot1,,Bridelia retusa,1,0,1,49,42,38,,,,1,1,0,0,0,2,,,
19,,preethi1433@gmail.com,2018-01-29 11:30:26.506+00,9026,3,t,"[basic]plot 11 adjacent to 10",,,2018-01-26 09:21:13.158+00,2018-01-29 11:19:11.893+00,864238033920043,aranya,plot1,,Bridelia retusa,1,0,1,49,42,38,,,,1,1,0,0,0,1,,,
19,,preethi1433@gmail.com,2018-01-29 11:30:26.506+00,9026,3,t,"[basic]plot 11 adjacent to 10",,,2018-01-26 09:21:13.158+00,2018-01-29 11:19:11.893+00,864238033920043,aranya,plot1,,Bridelia retusa,1,0,1,49,42,38,,,,1,1,0,0,0,1,,,
19,,preethi1433@gmail.com,2018-01-29 11:30:26.506+00,9026,3,t,"[basic]plot 11 adjacent to 10",,,2018-01-26 09:21:13.158+00,2018-01-29 11:19:11.893+00,864238033920043,aranya,plot1,,Bridelia retusa,1,0,1,49,42,38,,,,1,1,0,0,0,1,,,
19,,preethi1433@gmail.com,2018-01-29 11:30:26.506+00,9026,3,t,"[basic]plot 11 adjacent to 10",,,2018-01-26 09:21:13.158+00,2018-01-29 11:19:11.893+00,864238033920043,aranya,plot1,,Acacia auriculiformis,1,0,0,32,10,15,15.5,,,1,3,1,1,0,2,,,
19,,preethi1433@gmail.com,2018-01-29 11:30:26.506+00,9026,3,t,"[basic]plot 11 adjacent to 10",,,2018-01-26 09:21:13.158+00,2018-01-29 11:19:11.893+00,864238033920043,aranya,plot1,,Acacia auriculiformis,1,0,0,32,10,15,15.5,,,1,2,1,1,0,2,,,
19,,preethi1433@gmail.com,2018-01-29 11:30:26.506+00,9026,3,t,"[basic]plot 11 adjacent to 10",,,2018-01-26 09:21:13.158+00,2018-01-29 11:19:11.893+00,864238033920043,aranya,plot1,,Acacia auriculiformis,1,0,0,32,10,15,15.5,,,1,2,1,1,0,1,,,
19,,preethi1433@gmail.com,2018-01-29 11:30:26.506+00,9026,3,t,"[basic]plot 11 adjacent to 10",,,2018-01-26 09:21:13.158+00,2018-01-29 11:19:11.893+00,864238033920043,aranya,plot1,,Acacia holosericea,1,0,1,0,40,,,,,1,1,0,0,0,2,,,
19,,preethi1433@gmail.com,2018-01-29 11:30:26.506+00,9026,3,t,"[basic]plot 11 adjacent to 10",,,2018-01-26 09:21:13.158+00,2018-01-29 11:19:11.893+00,864238033920043,aranya,plot1,,Acacia holosericea,1,0,1,0,40,,,,,1,1,0,0,0,2,,,
19,,preethi1433@gmail.com,2018-01-29 11:30:26.506+00,9026,3,t,"[basic]plot 11 adjacent to 10",,,2018-01-26 09:21:13.158+00,2018-01-29 11:19:11.893+00,864238033920043,aranya,plot1,,Acacia holosericea,1,0,1,0,40,,,,,1,1,0,0,0,2,,,
19,,preethi1433@gmail.com,2018-01-29 11:30:26.506+00,9026,3,t,"[basic]plot 11 adjacent to 10",,,2018-01-26 09:21:13.158+00,2018-01-29 11:19:11.893+00,864238033920043,aranya,plot1,,Bridelia retusa,1,0,0,14,34,,,,,1,2,0,0,0,1,,,
19,,preethi1433@gmail.com,2018-01-29 11:30:26.506+00,9026,3,t,"[basic]plot 11 adjacent to 10",,,2018-01-26 09:21:13.158+00,2018-01-29 11:19:11.893+00,864238033920043,aranya,plot1,,Bridelia retusa,1,0,0,14,34,,,,,1,1,0,0,0,1,,,
19,,preethi1433@gmail.com,2018-01-29 11:30:26.506+00,9026,3,t,"[basic]plot 11 adjacent to 10",,,2018-01-26 09:21:13.158+00,2018-01-29 11:19:11.893+00,864238033920043,aranya,plot1,,Bridelia retusa,1,0,0,10,22,49,15.5,,,1,1,0,0,0,2,,,
19,,preethi1433@gmail.com,2018-01-29 11:30:26.506+00,9026,3,t,"[basic]plot 11 adjacent to 10",,,2018-01-26 09:21:13.158+00,2018-01-29 11:19:11.893+00,864238033920043,aranya,plot1,,Bridelia retusa,1,0,0,10,22,49,15.5,,,1,1,0,0,0,2,,,
19,,preethi1433@gmail.com,2018-01-29 11:30:26.506+00,9026,3,t,"[basic]plot 11 adjacent to 10",,,2018-01-26 09:21:13.158+00,2018-01-29 11:19:11.893+00,864238033920043,aranya,plot1,,Albizia lebbeck,1,0,0,17.1000000000000014,27,19,11,35,,1,4,0,0,0,1,,,
19,,preethi1433@gmail.com,2018-01-29 11:30:26.506+00,9026,3,t,"[basic]plot 11 adjacent to 10",,,2018-01-26 09:21:13.158+00,2018-01-29 11:19:11.893+00,864238033920043,aranya,plot1,,Albizia lebbeck,1,0,0,17.1000000000000014,27,19,11,35,,1,3,1,0,0,1,,,
19,,preethi1433@gmail.com,2018-01-29 11:30:26.506+00,9026,3,t,"[basic]plot 11 adjacent to 10",,,2018-01-26 09:21:13.158+00,2018-01-29 11:19:11.893+00,864238033920043,aranya,plot1,,Albizia lebbeck,1,0,0,17.1000000000000014,27,19,11,35,,1,4,1,0,0,1,,,
19,,preethi1433@gmail.com,2018-01-29 11:30:26.506+00,9026,3,t,"[basic]plot 11 adjacent to 10",,,2018-01-26 09:21:13.158+00,2018-01-29 11:19:11.893+00,864238033920043,aranya,plot1,,Albizia lebbeck,1,0,0,17.1000000000000014,27,19,11,35,,1,3,1,1,0,1,,,
19,,preethi1433@gmail.com,2018-01-29 11:30:26.506+00,9026,3,t,"[basic]plot 11 adjacent to 10",,,2018-01-26 09:21:13.158+00,2018-01-29 11:19:11.893+00,864238033920043,aranya,plot1,,Albizia lebbeck,1,0,0,17.1000000000000014,27,19,11,35,,1,,0,0,0,,,,
19,,preethi1433@gmail.com,2018-01-29 11:30:26.506+00,9026,3,t,"[basic]plot 11 adjacent to 10",,,2018-01-26 09:21:13.158+00,2018-01-29 11:19:11.893+00,864238033920043,aranya,plot1,,Albizia lebbeck,1,0,0,4,22,,,,,1,2,1,0,0,1,,,
19,,preethi1433@gmail.com,2018-01-29 11:30:26.506+00,9026,3,t,"[basic]plot 11 adjacent to 10",,,2018-01-26 09:21:13.158+00,2018-01-29 11:19:11.893+00,864238033920043,aranya,plot1,,Albizia lebbeck,1,0,0,4,22,,,,,1,4,1,1,0,1,,,
19,,preethi1433@gmail.com,2018-01-29 11:30:26.506+00,9026,3,t,"[basic]plot 11 adjacent to 10",,,2018-01-26 09:21:13.158+00,2018-01-29 11:19:11.893+00,864238033920043,aranya,plot1,,Albizia lebbeck,1,0,0,4,22,,,,,1,1,1,0,0,1,,,
19,,preethi1433@gmail.com,2018-01-29 11:30:26.506+00,9026,3,t,"[basic]plot 11 adjacent to 10",,,2018-01-26 09:21:13.158+00,2018-01-29 11:19:11.893+00,864238033920043,aranya,plot1,,Bridelia retusa,1,0,0,22.6000000000000014,15,,,,,1,2,0,0,0,1,,,
19,,preethi1433@gmail.com,2018-01-29 11:30:26.506+00,9026,3,t,"[basic]plot 11 adjacent to 10",,,2018-01-26 09:21:13.158+00,2018-01-29 11:19:11.893+00,864238033920043,aranya,plot1,,Acacia holosericea,1,0,1,12,17,20,,,,1,3,1,1,0,1,,,
19,,preethi1433@gmail.com,2018-01-29 11:30:26.506+00,9026,3,t,"[basic]plot 11 adjacent to 10",,,2018-01-26 09:21:13.158+00,2018-01-29 11:19:11.893+00,864238033920043,aranya,plot1,,Acacia holosericea,1,0,1,12,17,20,,,,1,3,1,1,0,2,,,
19,,preethi1433@gmail.com,2018-01-29 11:30:26.506+00,9026,3,t,"[basic]plot 11 adjacent to 10",,,2018-01-26 09:21:13.158+00,2018-01-29 11:19:11.893+00,864238033920043,aranya,plot1,,Acacia holosericea,1,0,1,12,17,20,,,,1,4,1,1,0,2,,,
19,,preethi1433@gmail.com,2018-01-29 11:30:26.506+00,9026,3,t,"[basic]plot 11 adjacent to 10",,,2018-01-26 09:21:13.158+00,2018-01-29 11:19:11.893+00,864238033920043,aranya,plot1,,Acacia holosericea,1,0,1,12,17,20,,,,1,4,1,1,0,2,,,
19,,preethi1433@gmail.com,2018-01-29 11:30:26.506+00,9026,3,t,"[basic]plot 11 adjacent to 10",,,2018-01-26 09:21:13.158+00,2018-01-29 11:19:11.893+00,864238033920043,aranya,plot1,,Acacia holosericea,1,0,1,12,17,20,,,,1,2,1,1,0,1,,,
19,,preethi1433@gmail.com,2018-01-29 11:30:26.506+00,9026,3,t,"[basic]plot 11 adjacent to 10",,,2018-01-26 09:21:13.158+00,2018-01-29 11:19:11.893+00,864238033920043,aranya,plot1,,Acacia holosericea,1,0,1,12,17,20,,,,1,1,1,1,0,2,,,
19,,preethi1433@gmail.com,2018-01-29 11:30:26.506+00,9026,3,t,"[basic]plot 11 adjacent to 10",,,2018-01-26 09:21:13.158+00,2018-01-29 11:19:11.893+00,864238033920043,aranya,plot1,,Acacia holosericea,1,0,1,12,17,20,,,,1,2,1,1,0,1,,,
19,,preethi1433@gmail.com,2018-01-29 11:30:26.506+00,9026,3,t,"[basic]plot 11 adjacent to 10",,,2018-01-26 09:21:13.158+00,2018-01-29 11:19:11.893+00,864238033920043,aranya,plot1,,Acacia holosericea,1,0,1,12,17,20,,,,1,2,1,1,0,1,,,
19,,preethi1433@gmail.com,2018-01-29 11:30:26.506+00,9026,3,t,"[basic]plot 11 adjacent to 10",,,2018-01-26 09:21:13.158+00,2018-01-29 11:19:11.893+00,864238033920043,aranya,plot1,,Acacia holosericea,1,0,1,12,17,20,,,,1,1,1,1,0,2,,,
19,,preethi1433@gmail.com,2018-01-29 11:30:26.506+00,9026,3,t,"[basic]plot 11 adjacent to 10",,,2018-01-26 09:21:13.158+00,2018-01-29 11:19:11.893+00,864238033920043,aranya,plot1,,Acacia holosericea,1,0,1,12,17,20,,,,1,1,1,1,0,2,,,
19,,preethi1433@gmail.com,2018-01-29 11:30:26.506+00,9026,3,t,"[basic]plot 11 adjacent to 10",,,2018-01-26 09:21:13.158+00,2018-01-29 11:19:11.893+00,864238033920043,aranya,plot1,,Acacia auriculiformis,1,0,1,30,35,,,,,1,3,1,1,0,2,,,
19,,preethi1433@gmail.com,2018-01-29 11:30:26.506+00,9026,3,t,"[basic]plot 11 adjacent to 10",,,2018-01-26 09:21:13.158+00,2018-01-29 11:19:11.893+00,864238033920043,aranya,plot1,,Acacia auriculiformis,1,0,1,30,35,,,,,1,4,1,1,0,2,,,
19,,preethi1433@gmail.com,2018-01-29 11:30:26.506+00,9026,3,t,"[basic]plot 11 adjacent to 10",,,2018-01-26 09:21:13.158+00,2018-01-29 11:19:11.893+00,864238033920043,aranya,plot1,,Acacia auriculiformis,1,0,1,30,35,,,,,1,4,1,1,0,2,,,
19,,preethi1433@gmail.com,2018-01-29 11:30:26.506+00,9026,3,t,"[basic]plot 11 adjacent to 10",,,2018-01-26 09:21:13.158+00,2018-01-29 11:19:11.893+00,864238033920043,aranya,plot1,,Acacia auriculiformis,1,0,1,30,35,,,,,1,3,1,1,0,1,,,
19,,preethi1433@gmail.com,2018-01-29 11:30:26.506+00,9026,3,t,"[basic]plot 11 adjacent to 10",,,2018-01-26 09:21:13.158+00,2018-01-29 11:19:11.893+00,864238033920043,aranya,plot1,,Acacia auriculiformis,1,0,1,30,35,,,,,1,2,1,1,0,2,,,
19,,preethi1433@gmail.com,2018-01-29 11:30:26.506+00,9026,3,t,"[basic]plot 11 adjacent to 10",,,2018-01-26 09:21:13.158+00,2018-01-29 11:19:11.893+00,864238033920043,aranya,plot1,,Acacia auriculiformis,1,0,1,30,35,,,,,1,3,1,0,0,2,,,
19,,preethi1433@gmail.com,2018-01-29 11:30:26.506+00,9026,3,t,"[basic]plot 11 adjacent to 10",,,2018-01-26 09:21:13.158+00,2018-01-29 11:19:11.893+00,864238033920043,aranya,plot1,,Acacia auriculiformis,1,0,1,30,35,,,,,1,3,1,1,0,2,,,
19,,preethi1433@gmail.com,2018-01-29 11:30:26.506+00,9026,3,t,"[basic]plot 11 adjacent to 10",,,2018-01-26 09:21:13.158+00,2018-01-29 11:19:11.893+00,864238033920043,aranya,plot1,,Bridelia retusa,1,0,1,32,32,31,25,32,,1,4,1,1,0,1,,,
19,,preethi1433@gmail.com,2018-01-29 11:30:26.506+00,9026,3,t,"[basic]plot 11 adjacent to 10",,,2018-01-26 09:21:13.158+00,2018-01-29 11:19:11.893+00,864238033920043,aranya,plot1,,Bridelia retusa,1,0,1,32,32,31,25,32,,1,2,1,1,0,1,,,
19,,preethi1433@gmail.com,2018-01-29 11:30:26.506+00,9026,3,t,"[basic]plot 11 adjacent to 10",,,2018-01-26 09:21:13.158+00,2018-01-29 11:19:11.893+00,864238033920043,aranya,plot1,,Acacia auriculiformis,1,0,1,20.3999999999999986,27,,,,,1,4,1,1,0,2,,,
19,,preethi1433@gmail.com,2018-01-29 11:30:26.506+00,9026,3,t,"[basic]plot 11 adjacent to 10",,,2018-01-26 09:21:13.158+00,2018-01-29 11:19:11.893+00,864238033920043,aranya,plot1,,Acacia auriculiformis,1,0,1,20.3999999999999986,27,,,,,1,2,1,0,0,2,,,
19,,preethi1433@gmail.com,2018-01-29 11:30:26.506+00,9026,3,t,"[basic]plot 11 adjacent to 10",,,2018-01-26 09:21:13.158+00,2018-01-29 11:19:11.893+00,864238033920043,aranya,plot1,,Acacia holosericea,1,0,0,8,26,,,,,1,3,1,1,1,2,,,
20,,preethi1433@gmail.com,2018-01-29 11:30:28.186+00,9026,3,t,"[basic]Plot 13 in front of plot 12",,,2018-01-27 02:50:36.46+00,2018-01-29 11:18:01.243+00,864238033920043,aranya,plot1,,Bridelia retusa,1,0,0,8.09999999999999964,15.5,13.5,,,,1,3,1,1,0,1,,,
20,,preethi1433@gmail.com,2018-01-29 11:30:28.186+00,9026,3,t,"[basic]Plot 13 in front of plot 12",,,2018-01-27 02:50:36.46+00,2018-01-29 11:18:01.243+00,864238033920043,aranya,plot1,,Acacia mangium,1,1,0,7,7,4.5,,,,1,1,1,0,0,2,,,
20,,preethi1433@gmail.com,2018-01-29 11:30:28.186+00,9026,3,t,"[basic]Plot 13 in front of plot 12",,,2018-01-27 02:50:36.46+00,2018-01-29 11:18:01.243+00,864238033920043,aranya,plot1,,Acacia auriculiformis,1,0,1,8,24,12.5,8,7,8,1,2,1,1,0,1,,,
20,,preethi1433@gmail.com,2018-01-29 11:30:28.186+00,9026,3,t,"[basic]Plot 13 in front of plot 12",,,2018-01-27 02:50:36.46+00,2018-01-29 11:18:01.243+00,864238033920043,aranya,plot1,,Acacia auriculiformis,1,0,0,6,20.5,,,,,1,4,1,1,1,1,,,
20,,preethi1433@gmail.com,2018-01-29 11:30:28.186+00,9026,3,t,"[basic]Plot 13 in front of plot 12",,,2018-01-27 02:50:36.46+00,2018-01-29 11:18:01.243+00,864238033920043,aranya,plot1,,Pterocarpus santalinus,1,0,0,12.5,23,,,,,1,2,1,1,0,1,,,
20,,preethi1433@gmail.com,2018-01-29 11:30:28.186+00,9026,3,t,"[basic]Plot 13 in front of plot 12",,,2018-01-27 02:50:36.46+00,2018-01-29 11:18:01.243+00,864238033920043,aranya,plot1,,Pterocarpus santalinus,1,0,0,12.5,23,,,,,1,4,1,1,1,1,,,
20,,preethi1433@gmail.com,2018-01-29 11:30:28.186+00,9026,3,t,"[basic]Plot 13 in front of plot 12",,,2018-01-27 02:50:36.46+00,2018-01-29 11:18:01.243+00,864238033920043,aranya,plot1,,Acacia holosericea,1,1,1,1.19999999999999996,11,,,,,1,3,1,1,0,1,,,
20,,preethi1433@gmail.com,2018-01-29 11:30:28.186+00,9026,3,t,"[basic]Plot 13 in front of plot 12",,,2018-01-27 02:50:36.46+00,2018-01-29 11:18:01.243+00,864238033920043,aranya,plot1,,Acacia holosericea,1,1,1,1.19999999999999996,11,,,,,1,2,1,0,0,2,,,
20,,preethi1433@gmail.com,2018-01-29 11:30:28.186+00,9026,3,t,"[basic]Plot 13 in front of plot 12",,,2018-01-27 02:50:36.46+00,2018-01-29 11:18:01.243+00,864238033920043,aranya,plot1,,Acacia holosericea,1,1,1,1.19999999999999996,11,,,,,1,1,1,0,0,2,,,
20,,preethi1433@gmail.com,2018-01-29 11:30:28.186+00,9026,3,t,"[basic]Plot 13 in front of plot 12",,,2018-01-27 02:50:36.46+00,2018-01-29 11:18:01.243+00,864238033920043,aranya,plot1,,Acacia holosericea,1,1,1,1.19999999999999996,11,,,,,1,1,1,0,0,2,,,
20,,preethi1433@gmail.com,2018-01-29 11:30:28.186+00,9026,3,t,"[basic]Plot 13 in front of plot 12",,,2018-01-27 02:50:36.46+00,2018-01-29 11:18:01.243+00,864238033920043,aranya,plot1,,Acacia holosericea,1,1,1,1.19999999999999996,11,,,,,1,1,1,0,0,2,,,
20,,preethi1433@gmail.com,2018-01-29 11:30:28.186+00,9026,3,t,"[basic]Plot 13 in front of plot 12",,,2018-01-27 02:50:36.46+00,2018-01-29 11:18:01.243+00,864238033920043,aranya,plot1,,Acacia holosericea,1,1,0,2.79999999999999982,9,7,,,,1,1,1,0,0,2,,,
20,,preethi1433@gmail.com,2018-01-29 11:30:28.186+00,9026,3,t,"[basic]Plot 13 in front of plot 12",,,2018-01-27 02:50:36.46+00,2018-01-29 11:18:01.243+00,864238033920043,aranya,plot1,,Memecylon umbellatum,1,0,0,6,10,8,6,4,4,1,3,1,1,0,2,,,
20,,preethi1433@gmail.com,2018-01-29 11:30:28.186+00,9026,3,t,"[basic]Plot 13 in front of plot 12",,,2018-01-27 02:50:36.46+00,2018-01-29 11:18:01.243+00,864238033920043,aranya,plot1,,Acacia holosericea,1,1,1,6,7,7,,,,1,3,1,0,0,2,,,
20,,preethi1433@gmail.com,2018-01-29 11:30:28.186+00,9026,3,t,"[basic]Plot 13 in front of plot 12",,,2018-01-27 02:50:36.46+00,2018-01-29 11:18:01.243+00,864238033920043,aranya,plot1,,Acacia holosericea,1,1,1,6,7,7,,,,1,1,1,0,0,2,,,
20,,preethi1433@gmail.com,2018-01-29 11:30:28.186+00,9026,3,t,"[basic]Plot 13 in front of plot 12",,,2018-01-27 02:50:36.46+00,2018-01-29 11:18:01.243+00,864238033920043,aranya,plot1,,Pterocarpus santalinus,1,0,0,25.6000000000000014,22,10,,,,1,3,1,0,0,1,,,
20,,preethi1433@gmail.com,2018-01-29 11:30:28.186+00,9026,3,t,"[basic]Plot 13 in front of plot 12",,,2018-01-27 02:50:36.46+00,2018-01-29 11:18:01.243+00,864238033920043,aranya,plot1,,Acacia holosericea,1,1,0,3,11,,,,,1,3,1,0,0,2,,,
20,,preethi1433@gmail.com,2018-01-29 11:30:28.186+00,9026,3,t,"[basic]Plot 13 in front of plot 12",,,2018-01-27 02:50:36.46+00,2018-01-29 11:18:01.243+00,864238033920043,aranya,plot1,,Pterocarpus santalinus,1,0,0,6,15,,,,,1,1,1,0,0,2,,,
21,,preethi1433@gmail.com,2018-01-29 11:30:29.187+00,9026,3,t,"[basic]Plot 15 next to rope bridge",,,2018-01-28 01:25:54.416+00,2018-01-29 11:18:07.881+00,864238033920043,aranya,plot1,,Acacia holosericea,1,1,1,1,6,8,3.5,,,1,3,1,0,0,2,,,
21,,preethi1433@gmail.com,2018-01-29 11:30:29.187+00,9026,3,t,"[basic]Plot 15 next to rope bridge",,,2018-01-28 01:25:54.416+00,2018-01-29 11:18:07.881+00,864238033920043,aranya,plot1,,Hardwickia binata,1,0,0,0.900000000000000022,58,,,,,1,3,1,0,0,1,,,
21,,preethi1433@gmail.com,2018-01-29 11:30:29.187+00,9026,3,t,"[basic]Plot 15 next to rope bridge",,,2018-01-28 01:25:54.416+00,2018-01-29 11:18:07.881+00,864238033920043,aranya,plot1,,Hardwickia binata,1,0,0,0.900000000000000022,58,,,,,1,3,1,0,0,2,,,
21,,preethi1433@gmail.com,2018-01-29 11:30:29.187+00,9026,3,t,"[basic]Plot 15 next to rope bridge",,,2018-01-28 01:25:54.416+00,2018-01-29 11:18:07.881+00,864238033920043,aranya,plot1,,Hardwickia binata,1,0,0,0.900000000000000022,58,,,,,1,3,1,0,0,1,,,
21,,preethi1433@gmail.com,2018-01-29 11:30:29.187+00,9026,3,t,"[basic]Plot 15 next to rope bridge",,,2018-01-28 01:25:54.416+00,2018-01-29 11:18:07.881+00,864238033920043,aranya,plot1,,Acacia auriculiformis,1,0,1,12.0999999999999996,24.5,24,20,10,,1,4,1,1,0,2,,,
21,,preethi1433@gmail.com,2018-01-29 11:30:29.187+00,9026,3,t,"[basic]Plot 15 next to rope bridge",,,2018-01-28 01:25:54.416+00,2018-01-29 11:18:07.881+00,864238033920043,aranya,plot1,,Acacia auriculiformis,1,0,1,12.0999999999999996,24.5,24,20,10,,1,4,1,1,0,1,,,
21,,preethi1433@gmail.com,2018-01-29 11:30:29.187+00,9026,3,t,"[basic]Plot 15 next to rope bridge",,,2018-01-28 01:25:54.416+00,2018-01-29 11:18:07.881+00,864238033920043,aranya,plot1,,Acacia holosericea,1,1,0,0.900000000000000022,15,10,8,,,1,2,1,1,0,2,,,
21,,preethi1433@gmail.com,2018-01-29 11:30:29.187+00,9026,3,t,"[basic]Plot 15 next to rope bridge",,,2018-01-28 01:25:54.416+00,2018-01-29 11:18:07.881+00,864238033920043,aranya,plot1,,Acacia holosericea,1,1,0,0.900000000000000022,15,10,8,,,1,1,1,1,0,2,,,
21,,preethi1433@gmail.com,2018-01-29 11:30:29.187+00,9026,3,t,"[basic]Plot 15 next to rope bridge",,,2018-01-28 01:25:54.416+00,2018-01-29 11:18:07.881+00,864238033920043,aranya,plot1,,Acacia holosericea,1,1,1,1,19,9,,,,1,2,1,0,0,2,,,
21,,preethi1433@gmail.com,2018-01-29 11:30:29.187+00,9026,3,t,"[basic]Plot 15 next to rope bridge",,,2018-01-28 01:25:54.416+00,2018-01-29 11:18:07.881+00,864238033920043,aranya,plot1,,Acacia holosericea,1,1,1,1,19,9,,,,1,3,1,1,1,2,,,
21,,preethi1433@gmail.com,2018-01-29 11:30:29.187+00,9026,3,t,"[basic]Plot 15 next to rope bridge",,,2018-01-28 01:25:54.416+00,2018-01-29 11:18:07.881+00,864238033920043,aranya,plot1,,Acacia holosericea,1,1,1,1,19,9,,,,1,2,1,1,0,1,,,
21,,preethi1433@gmail.com,2018-01-29 11:30:29.187+00,9026,3,t,"[basic]Plot 15 next to rope bridge",,,2018-01-28 01:25:54.416+00,2018-01-29 11:18:07.881+00,864238033920043,aranya,plot1,,Acacia holosericea,1,1,1,1,19,9,,,,1,2,1,1,0,2,,,
21,,preethi1433@gmail.com,2018-01-29 11:30:29.187+00,9026,3,t,"[basic]Plot 15 next to rope bridge",,,2018-01-28 01:25:54.416+00,2018-01-29 11:18:07.881+00,864238033920043,aranya,plot1,,Acacia holosericea,1,1,1,1,19,9,,,,1,3,1,1,0,1,,,
21,,preethi1433@gmail.com,2018-01-29 11:30:29.187+00,9026,3,t,"[basic]Plot 15 next to rope bridge",,,2018-01-28 01:25:54.416+00,2018-01-29 11:18:07.881+00,864238033920043,aranya,plot1,,Acacia holosericea,1,1,1,1,19,9,,,,1,2,1,0,0,2,,,
21,,preethi1433@gmail.com,2018-01-29 11:30:29.187+00,9026,3,t,"[basic]Plot 15 next to rope bridge",,,2018-01-28 01:25:54.416+00,2018-01-29 11:18:07.881+00,864238033920043,aranya,plot1,,Acacia holosericea,1,1,1,1,19,9,,,,1,3,1,0,0,2,,,
21,,preethi1433@gmail.com,2018-01-29 11:30:29.187+00,9026,3,t,"[basic]Plot 15 next to rope bridge",,,2018-01-28 01:25:54.416+00,2018-01-29 11:18:07.881+00,864238033920043,aranya,plot1,,Acacia holosericea,1,1,1,1,19,9,,,,1,1,1,0,0,2,,,
21,,preethi1433@gmail.com,2018-01-29 11:30:29.187+00,9026,3,t,"[basic]Plot 15 next to rope bridge",,,2018-01-28 01:25:54.416+00,2018-01-29 11:18:07.881+00,864238033920043,aranya,plot1,,Acacia holosericea,1,1,1,1,19,9,,,,1,2,1,0,0,2,,,
21,,preethi1433@gmail.com,2018-01-29 11:30:29.187+00,9026,3,t,"[basic]Plot 15 next to rope bridge",,,2018-01-28 01:25:54.416+00,2018-01-29 11:18:07.881+00,864238033920043,aranya,plot1,,Acacia holosericea,1,1,1,1,19,9,,,,1,3,1,1,0,1,,,
21,,preethi1433@gmail.com,2018-01-29 11:30:29.187+00,9026,3,t,"[basic]Plot 15 next to rope bridge",,,2018-01-28 01:25:54.416+00,2018-01-29 11:18:07.881+00,864238033920043,aranya,plot1,,Acacia holosericea,1,1,1,1,19,9,,,,1,1,1,0,0,2,,,
21,,preethi1433@gmail.com,2018-01-29 11:30:29.187+00,9026,3,t,"[basic]Plot 15 next to rope bridge",,,2018-01-28 01:25:54.416+00,2018-01-29 11:18:07.881+00,864238033920043,aranya,plot1,,Acacia holosericea,1,1,1,1,19,9,,,,1,2,1,1,0,1,,,
21,,preethi1433@gmail.com,2018-01-29 11:30:29.187+00,9026,3,t,"[basic]Plot 15 next to rope bridge",,,2018-01-28 01:25:54.416+00,2018-01-29 11:18:07.881+00,864238033920043,aranya,plot1,,Acacia holosericea,1,1,0,3,16,14.5,,,,1,2,1,1,0,1,,,
22,,preethi1433@gmail.com,2018-01-29 11:30:28.757+00,9026,3,t,"[basic]Plot 14
next to 13",,,2018-01-27 09:12:06.95+00,2018-01-29 11:17:24.054+00,864238033920043,aranya,plot1,,Cassia siamea,1,0,0,15,14.5,14,15,15,,1,4,1,1,0,2,,,
22,,preethi1433@gmail.com,2018-01-29 11:30:28.757+00,9026,3,t,"[basic]Plot 14
next to 13",,,2018-01-27 09:12:06.95+00,2018-01-29 11:17:24.054+00,864238033920043,aranya,plot1,,Acacia auriculiformis,1,0,0,41,8.5,3,,,,1,2,1,0,0,1,,,
22,,preethi1433@gmail.com,2018-01-29 11:30:28.757+00,9026,3,t,"[basic]Plot 14
next to 13",,,2018-01-27 09:12:06.95+00,2018-01-29 11:17:24.054+00,864238033920043,aranya,plot1,,Acacia holosericea,1,1,1,0.599999999999999978,6,4.5,5,,,1,1,1,0,0,1,,,
22,,preethi1433@gmail.com,2018-01-29 11:30:28.757+00,9026,3,t,"[basic]Plot 14
next to 13",,,2018-01-27 09:12:06.95+00,2018-01-29 11:17:24.054+00,864238033920043,aranya,plot1,,Acacia holosericea,1,1,1,0.900000000000000022,6,,,,,1,1,1,0,0,2,,,
22,,preethi1433@gmail.com,2018-01-29 11:30:28.757+00,9026,3,t,"[basic]Plot 14
next to 13",,,2018-01-27 09:12:06.95+00,2018-01-29 11:17:24.054+00,864238033920043,aranya,plot1,,Acacia holosericea,1,1,1,0.900000000000000022,6,,,,,1,1,1,0,0,2,,,
22,,preethi1433@gmail.com,2018-01-29 11:30:28.757+00,9026,3,t,"[basic]Plot 14
next to 13",,,2018-01-27 09:12:06.95+00,2018-01-29 11:17:24.054+00,864238033920043,aranya,plot1,,Acacia holosericea,1,1,1,2,11,,,,,1,3,1,1,0,2,,,
22,,preethi1433@gmail.com,2018-01-29 11:30:28.757+00,9026,3,t,"[basic]Plot 14
next to 13",,,2018-01-27 09:12:06.95+00,2018-01-29 11:17:24.054+00,864238033920043,aranya,plot1,,Acacia holosericea,1,1,1,2,11,,,,,1,1,1,0,0,2,,,
22,,preethi1433@gmail.com,2018-01-29 11:30:28.757+00,9026,3,t,"[basic]Plot 14
next to 13",,,2018-01-27 09:12:06.95+00,2018-01-29 11:17:24.054+00,864238033920043,aranya,plot1,,Acacia holosericea,0,1,0,3.60000000000000009,8.5,,,,,1,2,1,0,0,1,,,
22,,preethi1433@gmail.com,2018-01-29 11:30:28.757+00,9026,3,t,"[basic]Plot 14
next to 13",,,2018-01-27 09:12:06.95+00,2018-01-29 11:17:24.054+00,864238033920043,aranya,plot1,,Acacia holosericea,1,1,1,3.60000000000000009,9.5,9,,,,1,1,1,0,0,2,,,
22,,preethi1433@gmail.com,2018-01-29 11:30:28.757+00,9026,3,t,"[basic]Plot 14
next to 13",,,2018-01-27 09:12:06.95+00,2018-01-29 11:17:24.054+00,864238033920043,aranya,plot1,,Acacia holosericea,1,0,0,9.40000000000000036,8.5,,,,,1,3,1,1,0,2,,,
22,,preethi1433@gmail.com,2018-01-29 11:30:28.757+00,9026,3,t,"[basic]Plot 14
next to 13",,,2018-01-27 09:12:06.95+00,2018-01-29 11:17:24.054+00,864238033920043,aranya,plot1,,Ficus benghalensis,1,0,0,39,160,,,,,1,2,1,1,0,1,,,
22,,preethi1433@gmail.com,2018-01-29 11:30:28.757+00,9026,3,t,"[basic]Plot 14
next to 13",,,2018-01-27 09:12:06.95+00,2018-01-29 11:17:24.054+00,864238033920043,aranya,plot1,,Ficus benghalensis,1,0,0,39,160,,,,,1,4,0,0,0,1,,,
22,,preethi1433@gmail.com,2018-01-29 11:30:28.757+00,9026,3,t,"[basic]Plot 14
next to 13",,,2018-01-27 09:12:06.95+00,2018-01-29 11:17:24.054+00,864238033920043,aranya,plot1,,Ficus benghalensis,1,0,0,39,160,,,,,1,2,0,0,0,2,,,
22,,preethi1433@gmail.com,2018-01-29 11:30:28.757+00,9026,3,t,"[basic]Plot 14
next to 13",,,2018-01-27 09:12:06.95+00,2018-01-29 11:17:24.054+00,864238033920043,aranya,plot1,,Ficus benghalensis,1,0,0,39,160,,,,,1,4,1,1,0,1,,,
22,,preethi1433@gmail.com,2018-01-29 11:30:28.757+00,9026,3,t,"[basic]Plot 14
next to 13",,,2018-01-27 09:12:06.95+00,2018-01-29 11:17:24.054+00,864238033920043,aranya,plot1,,Ficus benghalensis,1,0,0,39,160,,,,,1,3,1,0,0,1,,,
22,,preethi1433@gmail.com,2018-01-29 11:30:28.757+00,9026,3,t,"[basic]Plot 14
next to 13",,,2018-01-27 09:12:06.95+00,2018-01-29 11:17:24.054+00,864238033920043,aranya,plot1,,Ficus benghalensis,1,0,0,39,160,,,,,1,3,1,1,0,1,,,
22,,preethi1433@gmail.com,2018-01-29 11:30:28.757+00,9026,3,t,"[basic]Plot 14
next to 13",,,2018-01-27 09:12:06.95+00,2018-01-29 11:17:24.054+00,864238033920043,aranya,plot1,,Ficus benghalensis,1,0,0,39,160,,,,,1,3,1,1,0,1,,,
22,,preethi1433@gmail.com,2018-01-29 11:30:28.757+00,9026,3,t,"[basic]Plot 14
next to 13",,,2018-01-27 09:12:06.95+00,2018-01-29 11:17:24.054+00,864238033920043,aranya,plot1,,Ficus benghalensis,1,0,0,39,160,,,,,1,3,1,1,0,1,,,
22,,preethi1433@gmail.com,2018-01-29 11:30:28.757+00,9026,3,t,"[basic]Plot 14
next to 13",,,2018-01-27 09:12:06.95+00,2018-01-29 11:17:24.054+00,864238033920043,aranya,plot1,,Ficus benghalensis,1,0,0,39,160,,,,,1,2,1,1,0,1,,,
22,,preethi1433@gmail.com,2018-01-29 11:30:28.757+00,9026,3,t,"[basic]Plot 14
next to 13",,,2018-01-27 09:12:06.95+00,2018-01-29 11:17:24.054+00,864238033920043,aranya,plot1,,Ficus benghalensis,1,0,0,39,160,,,,,1,2,1,1,0,2,,,
22,,preethi1433@gmail.com,2018-01-29 11:30:28.757+00,9026,3,t,"[basic]Plot 14
next to 13",,,2018-01-27 09:12:06.95+00,2018-01-29 11:17:24.054+00,864238033920043,aranya,plot1,,Ficus benghalensis,1,0,0,39,160,,,,,1,3,1,1,0,1,,,
22,,preethi1433@gmail.com,2018-01-29 11:30:28.757+00,9026,3,t,"[basic]Plot 14
next to 13",,,2018-01-27 09:12:06.95+00,2018-01-29 11:17:24.054+00,864238033920043,aranya,plot1,,Ficus benghalensis,1,0,0,39,160,,,,,1,3,1,1,0,1,,,
22,,preethi1433@gmail.com,2018-01-29 11:30:28.757+00,9026,3,t,"[basic]Plot 14
next to 13",,,2018-01-27 09:12:06.95+00,2018-01-29 11:17:24.054+00,864238033920043,aranya,plot1,,Ficus benghalensis,1,0,0,39,160,,,,,1,2,1,1,0,2,,,
22,,preethi1433@gmail.com,2018-01-29 11:30:28.757+00,9026,3,t,"[basic]Plot 14
next to 13",,,2018-01-27 09:12:06.95+00,2018-01-29 11:17:24.054+00,864238033920043,aranya,plot1,,Acacia holosericea,1,1,1,2.39999999999999991,7,8,5,4,,1,2,1,0,0,1,,,
22,,preethi1433@gmail.com,2018-01-29 11:30:28.757+00,9026,3,t,"[basic]Plot 14
next to 13",,,2018-01-27 09:12:06.95+00,2018-01-29 11:17:24.054+00,864238033920043,aranya,plot1,,Acacia auriculiformis,1,0,1,15,35,,,,,1,4,1,1,0,2,,,
22,,preethi1433@gmail.com,2018-01-29 11:30:28.757+00,9026,3,t,"[basic]Plot 14
next to 13",,,2018-01-27 09:12:06.95+00,2018-01-29 11:17:24.054+00,864238033920043,aranya,plot1,,Acacia auriculiformis,1,0,1,15,35,,,,,1,3,1,1,0,2,,,
22,,preethi1433@gmail.com,2018-01-29 11:30:28.757+00,9026,3,t,"[basic]Plot 14
next to 13",,,2018-01-27 09:12:06.95+00,2018-01-29 11:17:24.054+00,864238033920043,aranya,plot1,,Acacia auriculiformis,1,0,1,15,35,,,,,1,3,1,1,0,2,,,
22,,preethi1433@gmail.com,2018-01-29 11:30:28.757+00,9026,3,t,"[basic]Plot 14
next to 13",,,2018-01-27 09:12:06.95+00,2018-01-29 11:17:24.054+00,864238033920043,aranya,plot1,,Acacia auriculiformis,1,0,1,15,35,,,,,1,2,1,1,0,2,,,
22,,preethi1433@gmail.com,2018-01-29 11:30:28.757+00,9026,3,t,"[basic]Plot 14
next to 13",,,2018-01-27 09:12:06.95+00,2018-01-29 11:17:24.054+00,864238033920043,aranya,plot1,,Hardwickia binata,1,0,0,30.1000000000000014,53,,,,,1,4,1,1,0,1,,,
22,,preethi1433@gmail.com,2018-01-29 11:30:28.757+00,9026,3,t,"[basic]Plot 14
next to 13",,,2018-01-27 09:12:06.95+00,2018-01-29 11:17:24.054+00,864238033920043,aranya,plot1,,Terminalia arjuna,1,0,0,2,16,8,,,,1,1,1,0,0,1,,,
22,,preethi1433@gmail.com,2018-01-29 11:30:28.757+00,9026,3,t,"[basic]Plot 14
next to 13",,,2018-01-27 09:12:06.95+00,2018-01-29 11:17:24.054+00,864238033920043,aranya,plot1,,Terminalia arjuna,1,0,0,2,16,8,,,,1,2,1,0,0,1,,,
23,,preethi1433@gmail.com,2018-01-29 11:30:26.988+00,9026,3,t,"[basic]plot 12 beyond forest next to factory road",,,2018-01-27 01:42:07.699+00,2018-01-29 11:18:13.996+00,864238033920043,aranya,plot1,,Acacia auriculiformis,1,1,0,19,39,,,,,1,4,1,1,0,1,,,
23,,preethi1433@gmail.com,2018-01-29 11:30:26.988+00,9026,3,t,"[basic]plot 12 beyond forest next to factory road",,,2018-01-27 01:42:07.699+00,2018-01-29 11:18:13.996+00,864238033920043,aranya,plot1,,Acacia auriculiformis,1,1,0,19,39,,,,,1,1,0,0,0,1,,,
23,,preethi1433@gmail.com,2018-01-29 11:30:26.988+00,9026,3,t,"[basic]plot 12 beyond forest next to factory road",,,2018-01-27 01:42:07.699+00,2018-01-29 11:18:13.996+00,864238033920043,aranya,plot1,,Hardwickia binata,1,0,0,10,58,,,,,1,4,1,1,0,1,,,
23,,preethi1433@gmail.com,2018-01-29 11:30:26.988+00,9026,3,t,"[basic]plot 12 beyond forest next to factory road",,,2018-01-27 01:42:07.699+00,2018-01-29 11:18:13.996+00,864238033920043,aranya,plot1,,Hardwickia binata,1,0,0,10,58,,,,,1,3,1,1,0,2,,,
23,,preethi1433@gmail.com,2018-01-29 11:30:26.988+00,9026,3,t,"[basic]plot 12 beyond forest next to factory road",,,2018-01-27 01:42:07.699+00,2018-01-29 11:18:13.996+00,864238033920043,aranya,plot1,,Hardwickia binata,1,0,0,2.60000000000000009,34,,,,,1,2,0,0,0,1,,,
23,,preethi1433@gmail.com,2018-01-29 11:30:26.988+00,9026,3,t,"[basic]plot 12 beyond forest next to factory road",,,2018-01-27 01:42:07.699+00,2018-01-29 11:18:13.996+00,864238033920043,aranya,plot1,,Acacia auriculiformis,1,0,0,5.09999999999999964,15,39.5,8,,,1,4,1,1,0,2,,,
23,,preethi1433@gmail.com,2018-01-29 11:30:26.988+00,9026,3,t,"[basic]plot 12 beyond forest next to factory road",,,2018-01-27 01:42:07.699+00,2018-01-29 11:18:13.996+00,864238033920043,aranya,plot1,,Acacia auriculiformis,1,0,0,5.09999999999999964,15,39.5,8,,,1,3,1,1,0,2,,,
23,,preethi1433@gmail.com,2018-01-29 11:30:26.988+00,9026,3,t,"[basic]plot 12 beyond forest next to factory road",,,2018-01-27 01:42:07.699+00,2018-01-29 11:18:13.996+00,864238033920043,aranya,plot1,,Acacia auriculiformis,1,0,0,5.09999999999999964,15,39.5,8,,,1,2,1,1,0,2,,,
23,,preethi1433@gmail.com,2018-01-29 11:30:26.988+00,9026,3,t,"[basic]plot 12 beyond forest next to factory road",,,2018-01-27 01:42:07.699+00,2018-01-29 11:18:13.996+00,864238033920043,aranya,plot1,,Acacia auriculiformis,1,0,0,9,6,5,,,,1,2,1,1,0,1,,,
